{
  "(0, 1)": [],
  "(0, 2)": [],
  "(0, 11)": [],
  "(0, 12)": [],
  "(0, 13)": [],
  "(0, 25)": [],
  "(1, 0)": [],
  "(1, 2)": [],
  "(1, 3)": [],
  "(1, 12)": [],
  "(1, 13)": [],
  "(1, 14)": [
    49
  ],
  "(1, 26)": [
    0,
    49
  ],
  "(2, 0)": [],
  "(2, 1)": [],
  "(2, 3)": [],
  "(2, 4)": [],
  "(2, 13)": [],
  "(2, 14)": [
    49
  ],
  "(2, 15)": [
    47,
    48
  ],
  "(2, 27)": [
    48,
    49
  ],
  "(3, 1)": [],
  "(3, 2)": [],
  "(3, 4)": [],
  "(3, 5)": [],
  "(3, 14)": [
    49
  ],
  "(3, 15)": [
    47,
    48
  ],
  "(3, 16)": [
    46
  ],
  "(3, 28)": [
    46,
    47,
    48,
    49
  ],
  "(4, 2)": [],
  "(4, 3)": [],
  "(4, 5)": [],
  "(4, 6)": [],
  "(4, 15)": [
    47,
    48
  ],
  "(4, 16)": [
    46
  ],
  "(4, 17)": [],
  "(4, 29)": [
    46,
    47
  ],
  "(5, 3)": [],
  "(5, 4)": [],
  "(5, 6)": [],
  "(5, 7)": [],
  "(5, 16)": [
    46
  ],
  "(5, 17)": [],
  "(5, 18)": [],
  "(5, 30)": [
    39,
    45,
    46
  ],
  "(6, 4)": [],
  "(6, 5)": [],
  "(6, 7)": [],
  "(6, 8)": [],
  "(6, 17)": [],
  "(6, 18)": [],
  "(6, 19)": [
    37
  ],
  "(6, 31)": [
    37,
    38
  ],
  "(7, 5)": [],
  "(7, 6)": [],
  "(7, 8)": [],
  "(7, 9)": [],
  "(7, 18)": [],
  "(7, 19)": [
    37
  ],
  "(7, 20)": [
    36
  ],
  "(7, 32)": [
    36,
    37,
    38
  ],
  "(8, 6)": [],
  "(8, 7)": [],
  "(8, 9)": [],
  "(8, 10)": [],
  "(8, 19)": [
    37
  ],
  "(8, 20)": [
    36
  ],
  "(8, 21)": [],
  "(8, 33)": [
    36,
    37
  ],
  "(9, 7)": [],
  "(9, 8)": [],
  "(9, 10)": [],
  "(9, 20)": [
    36
  ],
  "(9, 21)": [],
  "(9, 22)": [],
  "(9, 34)": [
    35
  ],
  "(10, 8)": [],
  "(10, 9)": [],
  "(10, 21)": [],
  "(10, 22)": [],
  "(10, 23)": [],
  "(10, 35)": [],
  "(11, 0)": [],
  "(11, 12)": [],
  "(11, 13)": [],
  "(11, 24)": [],
  "(11, 25)": [],
  "(11, 37)": [],
  "(12, 0)": [],
  "(12, 1)": [],
  "(12, 11)": [],
  "(12, 13)": [],
  "(12, 14)": [
    49
  ],
  "(12, 24)": [],
  "(12, 25)": [],
  "(12, 26)": [
    0,
    49
  ],
  "(12, 38)": [
    0
  ],
  "(13, 0)": [],
  "(13, 1)": [],
  "(13, 2)": [],
  "(13, 11)": [],
  "(13, 12)": [],
  "(13, 14)": [
    49
  ],
  "(13, 15)": [
    47,
    48
  ],
  "(13, 25)": [],
  "(13, 26)": [
    0,
    49
  ],
  "(13, 27)": [
    48,
    49
  ],
  "(13, 39)": [
    0,
    1
  ],
  "(14, 1)": [
    49
  ],
  "(14, 2)": [
    49
  ],
  "(14, 3)": [
    49
  ],
  "(14, 12)": [
    49
  ],
  "(14, 13)": [
    49
  ],
  "(14, 15)": [
    47,
    48,
    49
  ],
  "(14, 16)": [
    46,
    49
  ],
  "(14, 26)": [
    0,
    49
  ],
  "(14, 27)": [
    48,
    49
  ],
  "(14, 28)": [
    46,
    47,
    48,
    49
  ],
  "(15, 2)": [
    47,
    48
  ],
  "(15, 3)": [
    47,
    48
  ],
  "(15, 4)": [
    47,
    48
  ],
  "(15, 13)": [
    47,
    48
  ],
  "(15, 14)": [
    47,
    48,
    49
  ],
  "(15, 16)": [
    46,
    47,
    48
  ],
  "(15, 17)": [
    47,
    48
  ],
  "(15, 27)": [
    47,
    48,
    49
  ],
  "(15, 28)": [
    46,
    47,
    48,
    49
  ],
  "(15, 29)": [
    46,
    47,
    48
  ],
  "(16, 3)": [
    46
  ],
  "(16, 4)": [
    46
  ],
  "(16, 5)": [
    46
  ],
  "(16, 14)": [
    46,
    49
  ],
  "(16, 15)": [
    46,
    47,
    48
  ],
  "(16, 17)": [
    46
  ],
  "(16, 18)": [
    46
  ],
  "(16, 28)": [
    46,
    47,
    48,
    49
  ],
  "(16, 29)": [
    46,
    47
  ],
  "(16, 30)": [
    39,
    45,
    46
  ],
  "(17, 4)": [],
  "(17, 5)": [],
  "(17, 6)": [],
  "(17, 15)": [
    47,
    48
  ],
  "(17, 16)": [
    46
  ],
  "(17, 18)": [],
  "(17, 19)": [
    37
  ],
  "(17, 29)": [
    46,
    47
  ],
  "(17, 30)": [
    39,
    45,
    46
  ],
  "(17, 31)": [
    37,
    38
  ],
  "(17, 40)": [
    39,
    40,
    41,
    42,
    43,
    44,
    45
  ],
  "(18, 5)": [],
  "(18, 6)": [],
  "(18, 7)": [],
  "(18, 16)": [
    46
  ],
  "(18, 17)": [],
  "(18, 19)": [
    37
  ],
  "(18, 20)": [
    36
  ],
  "(18, 30)": [
    39,
    45,
    46
  ],
  "(18, 31)": [
    37,
    38
  ],
  "(18, 32)": [
    36,
    37,
    38
  ],
  "(19, 6)": [
    37
  ],
  "(19, 7)": [
    37
  ],
  "(19, 8)": [
    37
  ],
  "(19, 17)": [
    37
  ],
  "(19, 18)": [
    37
  ],
  "(19, 20)": [
    36,
    37
  ],
  "(19, 21)": [
    37
  ],
  "(19, 31)": [
    37,
    38
  ],
  "(19, 32)": [
    36,
    37,
    38
  ],
  "(19, 33)": [
    36,
    37
  ],
  "(20, 7)": [
    36
  ],
  "(20, 8)": [
    36
  ],
  "(20, 9)": [
    36
  ],
  "(20, 18)": [
    36
  ],
  "(20, 19)": [
    36,
    37
  ],
  "(20, 21)": [
    36
  ],
  "(20, 22)": [
    36
  ],
  "(20, 32)": [
    36,
    37,
    38
  ],
  "(20, 33)": [
    36,
    37
  ],
  "(20, 34)": [
    35,
    36
  ],
  "(21, 8)": [],
  "(21, 9)": [],
  "(21, 10)": [],
  "(21, 19)": [
    37
  ],
  "(21, 20)": [
    36
  ],
  "(21, 22)": [],
  "(21, 23)": [],
  "(21, 33)": [
    36,
    37
  ],
  "(21, 34)": [
    35
  ],
  "(21, 35)": [],
  "(21, 43)": [
    34,
    35
  ],
  "(22, 9)": [],
  "(22, 10)": [],
  "(22, 20)": [
    36
  ],
  "(22, 21)": [],
  "(22, 23)": [],
  "(22, 34)": [
    35
  ],
  "(22, 35)": [],
  "(22, 36)": [],
  "(22, 44)": [],
  "(23, 10)": [],
  "(23, 21)": [],
  "(23, 22)": [],
  "(23, 35)": [],
  "(23, 36)": [],
  "(23, 45)": [],
  "(24, 11)": [],
  "(24, 12)": [],
  "(24, 25)": [],
  "(24, 26)": [
    0,
    49
  ],
  "(24, 37)": [],
  "(24, 38)": [
    0
  ],
  "(24, 46)": [],
  "(25, 0)": [],
  "(25, 11)": [],
  "(25, 12)": [],
  "(25, 13)": [],
  "(25, 24)": [],
  "(25, 26)": [
    0,
    49
  ],
  "(25, 27)": [
    48,
    49
  ],
  "(25, 37)": [],
  "(25, 38)": [
    0
  ],
  "(25, 39)": [
    0,
    1
  ],
  "(25, 47)": [
    1
  ],
  "(26, 1)": [
    0,
    49
  ],
  "(26, 12)": [
    0,
    49
  ],
  "(26, 13)": [
    0,
    49
  ],
  "(26, 14)": [
    0,
    49
  ],
  "(26, 24)": [
    0,
    49
  ],
  "(26, 25)": [
    0,
    49
  ],
  "(26, 27)": [
    0,
    48,
    49
  ],
  "(26, 28)": [
    0,
    46,
    47,
    48,
    49
  ],
  "(26, 38)": [
    0,
    49
  ],
  "(26, 39)": [
    0,
    1,
    49
  ],
  "(26, 48)": [
    0,
    1,
    49
  ],
  "(27, 2)": [
    48,
    49
  ],
  "(27, 13)": [
    48,
    49
  ],
  "(27, 14)": [
    48,
    49
  ],
  "(27, 15)": [
    47,
    48,
    49
  ],
  "(27, 25)": [
    48,
    49
  ],
  "(27, 26)": [
    0,
    48,
    49
  ],
  "(27, 28)": [
    46,
    47,
    48,
    49
  ],
  "(27, 29)": [
    46,
    47,
    48,
    49
  ],
  "(27, 39)": [
    0,
    1,
    48,
    49
  ],
  "(28, 3)": [
    46,
    47,
    48,
    49
  ],
  "(28, 14)": [
    46,
    47,
    48,
    49
  ],
  "(28, 15)": [
    46,
    47,
    48,
    49
  ],
  "(28, 16)": [
    46,
    47,
    48,
    49
  ],
  "(28, 26)": [
    0,
    46,
    47,
    48,
    49
  ],
  "(28, 27)": [
    46,
    47,
    48,
    49
  ],
  "(28, 29)": [
    46,
    47,
    48,
    49
  ],
  "(28, 30)": [
    39,
    45,
    46,
    47,
    48,
    49
  ],
  "(29, 4)": [
    46,
    47
  ],
  "(29, 15)": [
    46,
    47,
    48
  ],
  "(29, 16)": [
    46,
    47
  ],
  "(29, 17)": [
    46,
    47
  ],
  "(29, 27)": [
    46,
    47,
    48,
    49
  ],
  "(29, 28)": [
    46,
    47,
    48,
    49
  ],
  "(29, 30)": [
    39,
    45,
    46,
    47
  ],
  "(29, 31)": [
    37,
    38,
    46,
    47
  ],
  "(29, 40)": [
    39,
    40,
    41,
    42,
    43,
    44,
    45,
    46,
    47
  ],
  "(30, 5)": [
    39,
    45,
    46
  ],
  "(30, 16)": [
    39,
    45,
    46
  ],
  "(30, 17)": [
    39,
    45,
    46
  ],
  "(30, 18)": [
    39,
    45,
    46
  ],
  "(30, 28)": [
    39,
    45,
    46,
    47,
    48,
    49
  ],
  "(30, 29)": [
    39,
    45,
    46,
    47
  ],
  "(30, 31)": [
    37,
    38,
    39,
    45,
    46
  ],
  "(30, 32)": [
    36,
    37,
    38,
    39,
    45,
    46
  ],
  "(30, 40)": [
    39,
    40,
    41,
    42,
    43,
    44,
    45,
    46
  ],
  "(31, 6)": [
    37,
    38
  ],
  "(31, 17)": [
    37,
    38
  ],
  "(31, 18)": [
    37,
    38
  ],
  "(31, 19)": [
    37,
    38
  ],
  "(31, 29)": [
    37,
    38,
    46,
    47
  ],
  "(31, 30)": [
    37,
    38,
    39,
    45,
    46
  ],
  "(31, 32)": [
    36,
    37,
    38
  ],
  "(31, 33)": [
    36,
    37,
    38
  ],
  "(31, 40)": [
    37,
    38,
    39,
    40,
    41,
    42,
    43,
    44,
    45
  ],
  "(32, 7)": [
    36,
    37,
    38
  ],
  "(32, 18)": [
    36,
    37,
    38
  ],
  "(32, 19)": [
    36,
    37,
    38
  ],
  "(32, 20)": [
    36,
    37,
    38
  ],
  "(32, 30)": [
    36,
    37,
    38,
    39,
    45,
    46
  ],
  "(32, 31)": [
    36,
    37,
    38
  ],
  "(32, 33)": [
    36,
    37,
    38
  ],
  "(32, 34)": [
    35,
    36,
    37,
    38
  ],
  "(33, 8)": [
    36,
    37
  ],
  "(33, 19)": [
    36,
    37
  ],
  "(33, 20)": [
    36,
    37
  ],
  "(33, 21)": [
    36,
    37
  ],
  "(33, 31)": [
    36,
    37,
    38
  ],
  "(33, 32)": [
    36,
    37,
    38
  ],
  "(33, 34)": [
    35,
    36,
    37
  ],
  "(33, 35)": [
    36,
    37
  ],
  "(33, 43)": [
    34,
    35,
    36,
    37
  ],
  "(34, 9)": [
    35
  ],
  "(34, 20)": [
    35,
    36
  ],
  "(34, 21)": [
    35
  ],
  "(34, 22)": [
    35
  ],
  "(34, 32)": [
    35,
    36,
    37,
    38
  ],
  "(34, 33)": [
    35,
    36,
    37
  ],
  "(34, 35)": [
    35
  ],
  "(34, 36)": [
    35
  ],
  "(34, 43)": [
    34,
    35
  ],
  "(34, 44)": [
    35
  ],
  "(34, 54)": [
    33,
    34,
    35
  ],
  "(35, 10)": [],
  "(35, 21)": [],
  "(35, 22)": [],
  "(35, 23)": [],
  "(35, 33)": [
    36,
    37
  ],
  "(35, 34)": [
    35
  ],
  "(35, 36)": [],
  "(35, 43)": [
    34,
    35
  ],
  "(35, 44)": [],
  "(35, 45)": [],
  "(35, 55)": [],
  "(36, 22)": [],
  "(36, 23)": [],
  "(36, 34)": [
    35
  ],
  "(36, 35)": [],
  "(36, 44)": [],
  "(36, 45)": [],
  "(36, 56)": [],
  "(37, 11)": [],
  "(37, 24)": [],
  "(37, 25)": [],
  "(37, 38)": [
    0
  ],
  "(37, 39)": [
    0,
    1
  ],
  "(37, 46)": [],
  "(37, 47)": [
    1
  ],
  "(37, 57)": [],
  "(38, 12)": [
    0
  ],
  "(38, 24)": [
    0
  ],
  "(38, 25)": [
    0
  ],
  "(38, 26)": [
    0,
    49
  ],
  "(38, 37)": [
    0
  ],
  "(38, 39)": [
    0,
    1
  ],
  "(38, 46)": [
    0
  ],
  "(38, 47)": [
    0,
    1
  ],
  "(38, 48)": [
    0,
    1
  ],
  "(38, 58)": [
    0
  ],
  "(39, 13)": [
    0,
    1
  ],
  "(39, 25)": [
    0,
    1
  ],
  "(39, 26)": [
    0,
    1,
    49
  ],
  "(39, 27)": [
    0,
    1,
    48,
    49
  ],
  "(39, 37)": [
    0,
    1
  ],
  "(39, 38)": [
    0,
    1
  ],
  "(39, 47)": [
    0,
    1
  ],
  "(39, 48)": [
    0,
    1
  ],
  "(39, 59)": [
    0,
    1,
    2,
    8,
    9
  ],
  "(40, 17)": [
    39,
    40,
    41,
    42,
    43,
    44,
    45
  ],
  "(40, 29)": [
    39,
    40,
    41,
    42,
    43,
    44,
    45,
    46,
    47
  ],
  "(40, 30)": [
    39,
    40,
    41,
    42,
    43,
    44,
    45,
    46
  ],
  "(40, 31)": [
    37,
    38,
    39,
    40,
    41,
    42,
    43,
    44,
    45
  ],
  "(43, 21)": [
    34,
    35
  ],
  "(43, 33)": [
    34,
    35,
    36,
    37
  ],
  "(43, 34)": [
    34,
    35
  ],
  "(43, 35)": [
    34,
    35
  ],
  "(43, 44)": [
    34,
    35
  ],
  "(43, 45)": [
    34,
    35
  ],
  "(43, 54)": [
    33,
    34,
    35
  ],
  "(43, 55)": [
    34,
    35
  ],
  "(43, 64)": [
    33,
    34,
    35
  ],
  "(44, 22)": [],
  "(44, 34)": [
    35
  ],
  "(44, 35)": [],
  "(44, 36)": [],
  "(44, 43)": [
    34,
    35
  ],
  "(44, 45)": [],
  "(44, 54)": [
    33,
    34,
    35
  ],
  "(44, 55)": [],
  "(44, 56)": [],
  "(44, 65)": [],
  "(45, 23)": [],
  "(45, 35)": [],
  "(45, 36)": [],
  "(45, 43)": [
    34,
    35
  ],
  "(45, 44)": [],
  "(45, 55)": [],
  "(45, 56)": [],
  "(45, 66)": [],
  "(46, 24)": [],
  "(46, 37)": [],
  "(46, 38)": [
    0
  ],
  "(46, 47)": [
    1
  ],
  "(46, 48)": [
    0,
    1
  ],
  "(46, 57)": [],
  "(46, 58)": [],
  "(46, 67)": [],
  "(47, 25)": [
    1
  ],
  "(47, 37)": [
    1
  ],
  "(47, 38)": [
    0,
    1
  ],
  "(47, 39)": [
    0,
    1
  ],
  "(47, 46)": [
    1
  ],
  "(47, 48)": [
    0,
    1
  ],
  "(47, 57)": [
    1
  ],
  "(47, 58)": [
    1
  ],
  "(47, 59)": [
    1,
    2,
    8,
    9
  ],
  "(47, 68)": [
    1,
    9
  ],
  "(48, 26)": [
    0,
    1,
    49
  ],
  "(48, 38)": [
    0,
    1
  ],
  "(48, 39)": [
    0,
    1
  ],
  "(48, 46)": [
    0,
    1
  ],
  "(48, 47)": [
    0,
    1
  ],
  "(48, 58)": [
    0,
    1
  ],
  "(48, 59)": [
    0,
    1,
    2,
    8,
    9
  ],
  "(48, 60)": [
    0,
    1,
    2,
    3,
    4,
    5,
    6,
    7,
    8
  ],
  "(48, 69)": [
    0,
    1,
    9,
    10
  ],
  "(54, 34)": [
    33,
    34,
    35
  ],
  "(54, 43)": [
    33,
    34,
    35
  ],
  "(54, 44)": [
    33,
    34,
    35
  ],
  "(54, 55)": [
    33,
    34,
    35
  ],
  "(54, 56)": [
    33,
    34,
    35
  ],
  "(54, 63)": [
    26,
    29,
    30,
    33,
    34,
    35
  ],
  "(54, 64)": [
    33,
    34,
    35
  ],
  "(54, 65)": [
    33,
    34,
    35
  ],
  "(54, 72)": [
    25,
    33,
    34,
    35
  ],
  "(55, 35)": [],
  "(55, 43)": [
    34,
    35
  ],
  "(55, 44)": [],
  "(55, 45)": [],
  "(55, 54)": [
    33,
    34,
    35
  ],
  "(55, 56)": [],
  "(55, 64)": [
    33
  ],
  "(55, 65)": [],
  "(55, 66)": [],
  "(55, 73)": [],
  "(56, 36)": [],
  "(56, 44)": [],
  "(56, 45)": [],
  "(56, 54)": [
    33,
    34,
    35
  ],
  "(56, 55)": [],
  "(56, 65)": [],
  "(56, 66)": [],
  "(56, 74)": [],
  "(57, 37)": [],
  "(57, 46)": [],
  "(57, 47)": [
    1
  ],
  "(57, 58)": [],
  "(57, 59)": [
    2,
    8,
    9
  ],
  "(57, 67)": [],
  "(57, 68)": [
    9
  ],
  "(57, 75)": [],
  "(58, 38)": [
    0
  ],
  "(58, 46)": [],
  "(58, 47)": [
    1
  ],
  "(58, 48)": [
    0,
    1
  ],
  "(58, 57)": [],
  "(58, 59)": [
    2,
    8,
    9
  ],
  "(58, 60)": [
    2,
    3,
    4,
    5,
    6,
    7,
    8
  ],
  "(58, 67)": [],
  "(58, 68)": [
    9
  ],
  "(58, 69)": [
    9,
    10
  ],
  "(58, 76)": [
    10
  ],
  "(59, 39)": [
    0,
    1,
    2,
    8,
    9
  ],
  "(59, 47)": [
    1,
    2,
    8,
    9
  ],
  "(59, 48)": [
    0,
    1,
    2,
    8,
    9
  ],
  "(59, 57)": [
    2,
    8,
    9
  ],
  "(59, 58)": [
    2,
    8,
    9
  ],
  "(59, 60)": [
    2,
    3,
    4,
    5,
    6,
    7,
    8,
    9
  ],
  "(59, 68)": [
    2,
    8,
    9
  ],
  "(59, 69)": [
    2,
    8,
    9,
    10
  ],
  "(59, 77)": [
    2,
    8,
    9,
    10,
    11
  ],
  "(60, 48)": [
    0,
    1,
    2,
    3,
    4,
    5,
    6,
    7,
    8
  ],
  "(60, 58)": [
    2,
    3,
    4,
    5,
    6,
    7,
    8
  ],
  "(60, 59)": [
    2,
    3,
    4,
    5,
    6,
    7,
    8,
    9
  ],
  "(60, 69)": [
    2,
    3,
    4,
    5,
    6,
    7,
    8,
    9,
    10
  ],
  "(62, 63)": [
    26,
    27,
    29,
    30
  ],
  "(62, 64)": [
    26,
    27,
    33
  ],
  "(62, 70)": [
    26,
    27,
    31,
    32
  ],
  "(62, 71)": [
    26,
    27,
    28,
    29,
    30,
    31,
    32
  ],
  "(63, 54)": [
    26,
    29,
    30,
    33,
    34,
    35
  ],
  "(63, 62)": [
    26,
    27,
    29,
    30
  ],
  "(63, 64)": [
    26,
    29,
    30,
    33
  ],
  "(63, 65)": [
    26,
    29,
    30
  ],
  "(63, 70)": [
    26,
    29,
    30,
    31,
    32
  ],
  "(63, 71)": [
    26,
    28,
    29,
    30,
    31,
    32
  ],
  "(63, 72)": [
    25,
    26,
    29,
    30
  ],
  "(64, 43)": [
    33,
    34,
    35
  ],
  "(64, 54)": [
    33,
    34,
    35
  ],
  "(64, 55)": [
    33
  ],
  "(64, 62)": [
    26,
    27,
    33
  ],
  "(64, 63)": [
    26,
    29,
    30,
    33
  ],
  "(64, 65)": [
    33
  ],
  "(64, 66)": [
    33
  ],
  "(64, 71)": [
    28,
    29,
    30,
    31,
    32,
    33
  ],
  "(64, 72)": [
    25,
    33
  ],
  "(64, 73)": [
    33
  ],
  "(64, 79)": [
    24,
    25,
    33
  ],
  "(65, 44)": [],
  "(65, 54)": [
    33,
    34,
    35
  ],
  "(65, 55)": [],
  "(65, 56)": [],
  "(65, 63)": [
    26,
    29,
    30
  ],
  "(65, 64)": [
    33
  ],
  "(65, 66)": [],
  "(65, 72)": [
    25
  ],
  "(65, 73)": [],
  "(65, 74)": [],
  "(65, 80)": [],
  "(66, 45)": [],
  "(66, 55)": [],
  "(66, 56)": [],
  "(66, 64)": [
    33
  ],
  "(66, 65)": [],
  "(66, 73)": [],
  "(66, 74)": [],
  "(66, 81)": [],
  "(67, 46)": [],
  "(67, 57)": [],
  "(67, 58)": [],
  "(67, 68)": [
    9
  ],
  "(67, 69)": [
    9,
    10
  ],
  "(67, 75)": [],
  "(67, 76)": [
    10
  ],
  "(67, 82)": [],
  "(68, 47)": [
    1,
    9
  ],
  "(68, 57)": [
    9
  ],
  "(68, 58)": [
    9
  ],
  "(68, 59)": [
    2,
    8,
    9
  ],
  "(68, 67)": [
    9
  ],
  "(68, 69)": [
    9,
    10
  ],
  "(68, 75)": [
    9
  ],
  "(68, 76)": [
    9,
    10
  ],
  "(68, 77)": [
    9,
    10,
    11
  ],
  "(68, 83)": [
    9
  ],
  "(69, 48)": [
    0,
    1,
    9,
    10
  ],
  "(69, 58)": [
    9,
    10
  ],
  "(69, 59)": [
    2,
    8,
    9,
    10
  ],
  "(69, 60)": [
    2,
    3,
    4,
    5,
    6,
    7,
    8,
    9,
    10
  ],
  "(69, 67)": [
    9,
    10
  ],
  "(69, 68)": [
    9,
    10
  ],
  "(69, 76)": [
    9,
    10
  ],
  "(69, 77)": [
    9,
    10,
    11
  ],
  "(69, 84)": [
    9,
    10,
    11
  ],
  "(70, 62)": [
    26,
    27,
    31,
    32
  ],
  "(70, 63)": [
    26,
    29,
    30,
    31,
    32
  ],
  "(70, 71)": [
    28,
    29,
    30,
    31,
    32
  ],
  "(70, 72)": [
    25,
    31,
    32
  ],
  "(71, 62)": [
    26,
    27,
    28,
    29,
    30,
    31,
    32
  ],
  "(71, 63)": [
    26,
    28,
    29,
    30,
    31,
    32
  ],
  "(71, 64)": [
    28,
    29,
    30,
    31,
    32,
    33
  ],
  "(71, 70)": [
    28,
    29,
    30,
    31,
    32
  ],
  "(71, 72)": [
    25,
    28,
    29,
    30,
    31,
    32
  ],
  "(71, 73)": [
    28,
    29,
    30,
    31,
    32
  ],
  "(71, 79)": [
    24,
    25,
    28,
    29,
    30,
    31,
    32
  ],
  "(72, 54)": [
    25,
    33,
    34,
    35
  ],
  "(72, 63)": [
    25,
    26,
    29,
    30
  ],
  "(72, 64)": [
    25,
    33
  ],
  "(72, 65)": [
    25
  ],
  "(72, 70)": [
    25,
    31,
    32
  ],
  "(72, 71)": [
    25,
    28,
    29,
    30,
    31,
    32
  ],
  "(72, 73)": [
    25
  ],
  "(72, 74)": [
    25
  ],
  "(72, 79)": [
    24,
    25
  ],
  "(72, 80)": [
    25
  ],
  "(72, 92)": [
    24,
    25
  ],
  "(73, 55)": [],
  "(73, 64)": [
    33
  ],
  "(73, 65)": [],
  "(73, 66)": [],
  "(73, 71)": [
    28,
    29,
    30,
    31,
    32
  ],
  "(73, 72)": [
    25
  ],
  "(73, 74)": [],
  "(73, 79)": [
    24,
    25
  ],
  "(73, 80)": [],
  "(73, 81)": [],
  "(73, 93)": [],
  "(74, 56)": [],
  "(74, 65)": [],
  "(74, 66)": [],
  "(74, 72)": [
    25
  ],
  "(74, 73)": [],
  "(74, 80)": [],
  "(74, 81)": [],
  "(74, 94)": [],
  "(75, 57)": [],
  "(75, 67)": [],
  "(75, 68)": [
    9
  ],
  "(75, 76)": [
    10
  ],
  "(75, 77)": [
    9,
    10,
    11
  ],
  "(75, 82)": [],
  "(75, 83)": [],
  "(75, 95)": [],
  "(76, 58)": [
    10
  ],
  "(76, 67)": [
    10
  ],
  "(76, 68)": [
    9,
    10
  ],
  "(76, 69)": [
    9,
    10
  ],
  "(76, 75)": [
    10
  ],
  "(76, 77)": [
    9,
    10,
    11
  ],
  "(76, 82)": [
    10
  ],
  "(76, 83)": [
    10
  ],
  "(76, 84)": [
    10,
    11
  ],
  "(76, 96)": [
    10
  ],
  "(77, 59)": [
    2,
    8,
    9,
    10,
    11
  ],
  "(77, 68)": [
    9,
    10,
    11
  ],
  "(77, 69)": [
    9,
    10,
    11
  ],
  "(77, 75)": [
    9,
    10,
    11
  ],
  "(77, 76)": [
    9,
    10,
    11
  ],
  "(77, 83)": [
    9,
    10,
    11
  ],
  "(77, 84)": [
    9,
    10,
    11
  ],
  "(77, 97)": [
    9,
    10,
    11,
    12,
    97
  ],
  "(79, 64)": [
    24,
    25,
    33
  ],
  "(79, 71)": [
    24,
    25,
    28,
    29,
    30,
    31,
    32
  ],
  "(79, 72)": [
    24,
    25
  ],
  "(79, 73)": [
    24,
    25
  ],
  "(79, 80)": [
    24,
    25
  ],
  "(79, 81)": [
    24,
    25
  ],
  "(79, 91)": [
    24,
    25
  ],
  "(79, 92)": [
    24,
    25
  ],
  "(79, 93)": [
    24,
    25
  ],
  "(79, 104)": [
    24,
    25
  ],
  "(80, 65)": [],
  "(80, 72)": [
    25
  ],
  "(80, 73)": [],
  "(80, 74)": [],
  "(80, 79)": [
    24,
    25
  ],
  "(80, 81)": [],
  "(80, 92)": [
    24,
    25
  ],
  "(80, 93)": [],
  "(80, 94)": [],
  "(80, 105)": [],
  "(81, 66)": [],
  "(81, 73)": [],
  "(81, 74)": [],
  "(81, 79)": [
    24,
    25
  ],
  "(81, 80)": [],
  "(81, 93)": [],
  "(81, 94)": [],
  "(81, 106)": [],
  "(82, 67)": [],
  "(82, 75)": [],
  "(82, 76)": [
    10
  ],
  "(82, 83)": [],
  "(82, 84)": [
    10,
    11
  ],
  "(82, 95)": [],
  "(82, 96)": [],
  "(82, 107)": [],
  "(83, 68)": [
    9
  ],
  "(83, 75)": [],
  "(83, 76)": [
    10
  ],
  "(83, 77)": [
    9,
    10,
    11
  ],
  "(83, 82)": [],
  "(83, 84)": [
    10,
    11
  ],
  "(83, 85)": [],
  "(83, 95)": [],
  "(83, 96)": [],
  "(83, 97)": [
    12,
    97
  ],
  "(83, 108)": [],
  "(84, 69)": [
    9,
    10,
    11
  ],
  "(84, 76)": [
    10,
    11
  ],
  "(84, 77)": [
    9,
    10,
    11
  ],
  "(84, 82)": [
    10,
    11
  ],
  "(84, 83)": [
    10,
    11
  ],
  "(84, 85)": [
    10,
    11
  ],
  "(84, 86)": [
    10,
    11
  ],
  "(84, 96)": [
    10,
    11
  ],
  "(84, 97)": [
    10,
    11,
    12,
    97
  ],
  "(84, 98)": [
    10,
    11,
    12,
    13,
    96,
    97
  ],
  "(84, 109)": [
    10,
    11,
    50,
    51
  ],
  "(85, 83)": [],
  "(85, 84)": [
    10,
    11
  ],
  "(85, 86)": [],
  "(85, 87)": [
    18
  ],
  "(85, 97)": [
    12,
    97
  ],
  "(85, 98)": [
    12,
    13,
    96,
    97
  ],
  "(85, 99)": [
    12,
    13,
    14,
    15,
    94,
    95,
    96,
    97
  ],
  "(85, 110)": [],
  "(86, 84)": [
    10,
    11
  ],
  "(86, 85)": [],
  "(86, 87)": [
    18
  ],
  "(86, 88)": [
    16,
    17,
    18,
    19,
    20
  ],
  "(86, 98)": [
    12,
    13,
    96,
    97
  ],
  "(86, 99)": [
    12,
    13,
    14,
    15,
    94,
    95,
    96,
    97
  ],
  "(86, 100)": [
    14,
    15,
    94,
    95
  ],
  "(86, 111)": [],
  "(87, 85)": [
    18
  ],
  "(87, 86)": [
    18
  ],
  "(87, 88)": [
    16,
    17,
    18,
    19,
    20
  ],
  "(87, 89)": [
    18,
    19
  ],
  "(87, 99)": [
    12,
    13,
    14,
    15,
    18,
    94,
    95,
    96,
    97
  ],
  "(87, 100)": [
    14,
    15,
    18,
    94,
    95
  ],
  "(87, 101)": [
    15,
    18,
    94
  ],
  "(87, 112)": [
    18,
    91
  ],
  "(88, 86)": [
    16,
    17,
    18,
    19,
    20
  ],
  "(88, 87)": [
    16,
    17,
    18,
    19,
    20
  ],
  "(88, 89)": [
    16,
    17,
    18,
    19,
    20
  ],
  "(88, 90)": [
    16,
    17,
    18,
    19,
    20
  ],
  "(88, 100)": [
    14,
    15,
    16,
    17,
    18,
    19,
    20,
    94,
    95
  ],
  "(88, 101)": [
    15,
    16,
    17,
    18,
    19,
    20,
    94
  ],
  "(88, 113)": [
    16,
    17,
    18,
    19,
    20,
    89,
    90,
    91,
    92,
    93
  ],
  "(89, 87)": [
    18,
    19
  ],
  "(89, 88)": [
    16,
    17,
    18,
    19,
    20
  ],
  "(89, 90)": [
    18,
    19
  ],
  "(89, 91)": [
    18,
    19
  ],
  "(89, 101)": [
    15,
    18,
    19,
    94
  ],
  "(90, 88)": [
    16,
    17,
    18,
    19,
    20
  ],
  "(90, 89)": [
    18,
    19
  ],
  "(90, 91)": [],
  "(90, 92)": [
    24,
    25
  ],
  "(90, 102)": [
    21,
    22,
    23,
    86,
    87,
    88
  ],
  "(90, 103)": [
    22,
    23,
    86,
    87
  ],
  "(90, 115)": [],
  "(91, 79)": [
    24,
    25
  ],
  "(91, 89)": [
    18,
    19
  ],
  "(91, 90)": [],
  "(91, 92)": [
    24,
    25
  ],
  "(91, 93)": [],
  "(91, 102)": [
    21,
    22,
    23,
    86,
    87,
    88
  ],
  "(91, 103)": [
    22,
    23,
    86,
    87
  ],
  "(91, 104)": [],
  "(91, 116)": [],
  "(92, 72)": [
    24,
    25
  ],
  "(92, 79)": [
    24,
    25
  ],
  "(92, 80)": [
    24,
    25
  ],
  "(92, 90)": [
    24,
    25
  ],
  "(92, 91)": [
    24,
    25
  ],
  "(92, 93)": [
    24,
    25
  ],
  "(92, 94)": [
    24,
    25
  ],
  "(92, 103)": [
    22,
    23,
    24,
    25,
    86,
    87
  ],
  "(92, 104)": [
    24,
    25
  ],
  "(92, 105)": [
    24,
    25
  ],
  "(92, 117)": [
    24,
    25,
    84,
    85
  ],
  "(93, 73)": [],
  "(93, 79)": [
    24,
    25
  ],
  "(93, 80)": [],
  "(93, 81)": [],
  "(93, 91)": [],
  "(93, 92)": [
    24,
    25
  ],
  "(93, 94)": [],
  "(93, 104)": [],
  "(93, 105)": [],
  "(93, 106)": [],
  "(93, 118)": [],
  "(94, 74)": [],
  "(94, 80)": [],
  "(94, 81)": [],
  "(94, 92)": [
    24,
    25
  ],
  "(94, 93)": [],
  "(94, 105)": [],
  "(94, 106)": [],
  "(94, 119)": [],
  "(95, 75)": [],
  "(95, 82)": [],
  "(95, 83)": [],
  "(95, 96)": [],
  "(95, 97)": [
    12,
    97
  ],
  "(95, 107)": [],
  "(95, 108)": [],
  "(95, 120)": [],
  "(96, 76)": [
    10
  ],
  "(96, 82)": [],
  "(96, 83)": [],
  "(96, 84)": [
    10,
    11
  ],
  "(96, 95)": [],
  "(96, 97)": [
    12,
    97
  ],
  "(96, 98)": [
    12,
    13,
    96,
    97
  ],
  "(96, 107)": [],
  "(96, 108)": [],
  "(96, 109)": [
    50,
    51
  ],
  "(96, 121)": [
    51
  ],
  "(97, 77)": [
    9,
    10,
    11,
    12,
    97
  ],
  "(97, 83)": [
    12,
    97
  ],
  "(97, 84)": [
    10,
    11,
    12,
    97
  ],
  "(97, 85)": [
    12,
    97
  ],
  "(97, 95)": [
    12,
    97
  ],
  "(97, 96)": [
    12,
    97
  ],
  "(97, 98)": [
    12,
    13,
    96,
    97
  ],
  "(97, 99)": [
    12,
    13,
    14,
    15,
    94,
    95,
    96,
    97
  ],
  "(97, 108)": [
    12,
    97
  ],
  "(97, 109)": [
    12,
    50,
    51,
    97
  ],
  "(97, 110)": [
    12,
    97
  ],
  "(97, 122)": [
    12,
    50,
    51,
    97
  ],
  "(98, 84)": [
    10,
    11,
    12,
    13,
    96,
    97
  ],
  "(98, 85)": [
    12,
    13,
    96,
    97
  ],
  "(98, 86)": [
    12,
    13,
    96,
    97
  ],
  "(98, 96)": [
    12,
    13,
    96,
    97
  ],
  "(98, 97)": [
    12,
    13,
    96,
    97
  ],
  "(98, 99)": [
    12,
    13,
    14,
    15,
    94,
    95,
    96,
    97
  ],
  "(98, 100)": [
    12,
    13,
    14,
    15,
    94,
    95,
    96,
    97
  ],
  "(98, 109)": [
    12,
    13,
    50,
    51,
    96,
    97
  ],
  "(98, 110)": [
    12,
    13,
    96,
    97
  ],
  "(98, 111)": [
    12,
    13,
    96,
    97
  ],
  "(99, 85)": [
    12,
    13,
    14,
    15,
    94,
    95,
    96,
    97
  ],
  "(99, 86)": [
    12,
    13,
    14,
    15,
    94,
    95,
    96,
    97
  ],
  "(99, 87)": [
    12,
    13,
    14,
    15,
    18,
    94,
    95,
    96,
    97
  ],
  "(99, 97)": [
    12,
    13,
    14,
    15,
    94,
    95,
    96,
    97
  ],
  "(99, 98)": [
    12,
    13,
    14,
    15,
    94,
    95,
    96,
    97
  ],
  "(99, 100)": [
    12,
    13,
    14,
    15,
    94,
    95,
    96,
    97
  ],
  "(99, 101)": [
    12,
    13,
    14,
    15,
    94,
    95,
    96,
    97
  ],
  "(99, 110)": [
    12,
    13,
    14,
    15,
    94,
    95,
    96,
    97
  ],
  "(99, 111)": [
    12,
    13,
    14,
    15,
    94,
    95,
    96,
    97
  ],
  "(99, 112)": [
    12,
    13,
    14,
    15,
    91,
    94,
    95,
    96,
    97
  ],
  "(100, 86)": [
    14,
    15,
    94,
    95
  ],
  "(100, 87)": [
    14,
    15,
    18,
    94,
    95
  ],
  "(100, 88)": [
    14,
    15,
    16,
    17,
    18,
    19,
    20,
    94,
    95
  ],
  "(100, 98)": [
    12,
    13,
    14,
    15,
    94,
    95,
    96,
    97
  ],
  "(100, 99)": [
    12,
    13,
    14,
    15,
    94,
    95,
    96,
    97
  ],
  "(100, 101)": [
    14,
    15,
    94,
    95
  ],
  "(100, 111)": [
    14,
    15,
    94,
    95
  ],
  "(100, 112)": [
    14,
    15,
    91,
    94,
    95
  ],
  "(100, 113)": [
    14,
    15,
    89,
    90,
    91,
    92,
    93,
    94,
    95
  ],
  "(101, 87)": [
    15,
    18,
    94
  ],
  "(101, 88)": [
    15,
    16,
    17,
    18,
    19,
    20,
    94
  ],
  "(101, 89)": [
    15,
    18,
    19,
    94
  ],
  "(101, 99)": [
    12,
    13,
    14,
    15,
    94,
    95,
    96,
    97
  ],
  "(101, 100)": [
    14,
    15,
    94,
    95
  ],
  "(101, 112)": [
    15,
    91,
    94
  ],
  "(101, 113)": [
    15,
    89,
    90,
    91,
    92,
    93,
    94
  ],
  "(101, 114)": [
    15,
    90,
    91,
    94
  ],
  "(102, 90)": [
    21,
    22,
    23,
    86,
    87,
    88
  ],
  "(102, 91)": [
    21,
    22,
    23,
    86,
    87,
    88
  ],
  "(102, 103)": [
    21,
    22,
    23,
    86,
    87,
    88
  ],
  "(102, 104)": [
    21,
    22,
    23,
    86,
    87,
    88
  ],
  "(102, 115)": [
    21,
    22,
    23,
    86,
    87,
    88
  ],
  "(102, 116)": [
    21,
    22,
    23,
    86,
    87,
    88
  ],
  "(103, 90)": [
    22,
    23,
    86,
    87
  ],
  "(103, 91)": [
    22,
    23,
    86,
    87
  ],
  "(103, 92)": [
    22,
    23,
    24,
    25,
    86,
    87
  ],
  "(103, 102)": [
    21,
    22,
    23,
    86,
    87,
    88
  ],
  "(103, 104)": [
    22,
    23,
    86,
    87
  ],
  "(103, 105)": [
    22,
    23,
    86,
    87
  ],
  "(103, 115)": [
    22,
    23,
    86,
    87
  ],
  "(103, 116)": [
    22,
    23,
    86,
    87
  ],
  "(103, 117)": [
    22,
    23,
    84,
    85,
    86,
    87
  ],
  "(104, 79)": [
    24,
    25
  ],
  "(104, 91)": [],
  "(104, 92)": [
    24,
    25
  ],
  "(104, 93)": [],
  "(104, 102)": [
    21,
    22,
    23,
    86,
    87,
    88
  ],
  "(104, 103)": [
    22,
    23,
    86,
    87
  ],
  "(104, 105)": [],
  "(104, 106)": [],
  "(104, 116)": [],
  "(104, 117)": [
    84,
    85
  ],
  "(104, 118)": [],
  "(104, 124)": [
    83,
    84,
    85
  ],
  "(105, 80)": [],
  "(105, 92)": [
    24,
    25
  ],
  "(105, 93)": [],
  "(105, 94)": [],
  "(105, 103)": [
    22,
    23,
    86,
    87
  ],
  "(105, 104)": [],
  "(105, 106)": [],
  "(105, 117)": [
    84,
    85
  ],
  "(105, 118)": [],
  "(105, 119)": [],
  "(105, 125)": [],
  "(106, 81)": [],
  "(106, 93)": [],
  "(106, 94)": [],
  "(106, 104)": [],
  "(106, 105)": [],
  "(106, 118)": [],
  "(106, 119)": [],
  "(106, 126)": [],
  "(107, 82)": [],
  "(107, 95)": [],
  "(107, 96)": [],
  "(107, 108)": [],
  "(107, 109)": [
    50,
    51
  ],
  "(107, 120)": [],
  "(107, 121)": [
    51
  ],
  "(107, 127)": [],
  "(108, 83)": [],
  "(108, 95)": [],
  "(108, 96)": [],
  "(108, 97)": [
    12,
    97
  ],
  "(108, 107)": [],
  "(108, 109)": [
    50,
    51
  ],
  "(108, 110)": [],
  "(108, 120)": [],
  "(108, 121)": [
    51
  ],
  "(108, 122)": [
    50,
    51
  ],
  "(108, 128)": [],
  "(109, 84)": [
    10,
    11,
    50,
    51
  ],
  "(109, 96)": [
    50,
    51
  ],
  "(109, 97)": [
    12,
    50,
    51,
    97
  ],
  "(109, 98)": [
    12,
    13,
    50,
    51,
    96,
    97
  ],
  "(109, 107)": [
    50,
    51
  ],
  "(109, 108)": [
    50,
    51
  ],
  "(109, 110)": [
    50,
    51
  ],
  "(109, 111)": [
    50,
    51
  ],
  "(109, 121)": [
    50,
    51
  ],
  "(109, 122)": [
    50,
    51
  ],
  "(109, 129)": [
    50,
    51
  ],
  "(110, 85)": [],
  "(110, 97)": [
    12,
    97
  ],
  "(110, 98)": [
    12,
    13,
    96,
    97
  ],
  "(110, 99)": [
    12,
    13,
    14,
    15,
    94,
    95,
    96,
    97
  ],
  "(110, 108)": [],
  "(110, 109)": [
    50,
    51
  ],
  "(110, 111)": [],
  "(110, 112)": [
    91
  ],
  "(111, 86)": [],
  "(111, 98)": [
    12,
    13,
    96,
    97
  ],
  "(111, 99)": [
    12,
    13,
    14,
    15,
    94,
    95,
    96,
    97
  ],
  "(111, 100)": [
    14,
    15,
    94,
    95
  ],
  "(111, 109)": [
    50,
    51
  ],
  "(111, 110)": [],
  "(111, 112)": [
    91
  ],
  "(111, 113)": [
    89,
    90,
    91,
    92,
    93
  ],
  "(112, 87)": [
    18,
    91
  ],
  "(112, 99)": [
    12,
    13,
    14,
    15,
    91,
    94,
    95,
    96,
    97
  ],
  "(112, 100)": [
    14,
    15,
    91,
    94,
    95
  ],
  "(112, 101)": [
    15,
    91,
    94
  ],
  "(112, 110)": [
    91
  ],
  "(112, 111)": [
    91
  ],
  "(112, 113)": [
    89,
    90,
    91,
    92,
    93
  ],
  "(112, 114)": [
    90,
    91
  ],
  "(113, 88)": [
    16,
    17,
    18,
    19,
    20,
    89,
    90,
    91,
    92,
    93
  ],
  "(113, 100)": [
    14,
    15,
    89,
    90,
    91,
    92,
    93,
    94,
    95
  ],
  "(113, 101)": [
    15,
    89,
    90,
    91,
    92,
    93,
    94
  ],
  "(113, 111)": [
    89,
    90,
    91,
    92,
    93
  ],
  "(113, 112)": [
    89,
    90,
    91,
    92,
    93
  ],
  "(113, 114)": [
    89,
    90,
    91,
    92,
    93
  ],
  "(113, 115)": [
    89,
    90,
    91,
    92,
    93
  ],
  "(114, 101)": [
    15,
    90,
    91,
    94
  ],
  "(114, 112)": [
    90,
    91
  ],
  "(114, 113)": [
    89,
    90,
    91,
    92,
    93
  ],
  "(114, 115)": [
    90,
    91
  ],
  "(114, 116)": [
    90,
    91
  ],
  "(115, 90)": [],
  "(115, 102)": [
    21,
    22,
    23,
    86,
    87,
    88
  ],
  "(115, 103)": [
    22,
    23,
    86,
    87
  ],
  "(115, 113)": [
    89,
    90,
    91,
    92,
    93
  ],
  "(115, 114)": [
    90,
    91
  ],
  "(115, 116)": [],
  "(115, 117)": [
    84,
    85
  ],
  "(116, 91)": [],
  "(116, 102)": [
    21,
    22,
    23,
    86,
    87,
    88
  ],
  "(116, 103)": [
    22,
    23,
    86,
    87
  ],
  "(116, 104)": [],
  "(116, 114)": [
    90,
    91
  ],
  "(116, 115)": [],
  "(116, 117)": [
    84,
    85
  ],
  "(116, 118)": [],
  "(116, 124)": [
    83,
    84,
    85
  ],
  "(117, 92)": [
    24,
    25,
    84,
    85
  ],
  "(117, 103)": [
    22,
    23,
    84,
    85,
    86,
    87
  ],
  "(117, 104)": [
    84,
    85
  ],
  "(117, 105)": [
    84,
    85
  ],
  "(117, 115)": [
    84,
    85
  ],
  "(117, 116)": [
    84,
    85
  ],
  "(117, 118)": [
    84,
    85
  ],
  "(117, 119)": [
    84,
    85
  ],
  "(117, 124)": [
    83,
    84,
    85
  ],
  "(117, 125)": [
    84,
    85
  ],
  "(117, 133)": [
    83,
    84,
    85
  ],
  "(118, 93)": [],
  "(118, 104)": [],
  "(118, 105)": [],
  "(118, 106)": [],
  "(118, 116)": [],
  "(118, 117)": [
    84,
    85
  ],
  "(118, 119)": [],
  "(118, 124)": [
    83,
    84,
    85
  ],
  "(118, 125)": [],
  "(118, 126)": [],
  "(118, 134)": [],
  "(119, 94)": [],
  "(119, 105)": [],
  "(119, 106)": [],
  "(119, 117)": [
    84,
    85
  ],
  "(119, 118)": [],
  "(119, 125)": [],
  "(119, 126)": [],
  "(119, 135)": [],
  "(120, 95)": [],
  "(120, 107)": [],
  "(120, 108)": [],
  "(120, 121)": [
    51
  ],
  "(120, 122)": [
    50,
    51
  ],
  "(120, 127)": [],
  "(120, 128)": [],
  "(120, 136)": [],
  "(121, 96)": [
    51
  ],
  "(121, 107)": [
    51
  ],
  "(121, 108)": [
    51
  ],
  "(121, 109)": [
    50,
    51
  ],
  "(121, 120)": [
    51
  ],
  "(121, 122)": [
    50,
    51
  ],
  "(121, 127)": [
    51
  ],
  "(121, 128)": [
    51
  ],
  "(121, 129)": [
    51
  ],
  "(121, 137)": [
    51
  ],
  "(122, 97)": [
    12,
    50,
    51,
    97
  ],
  "(122, 108)": [
    50,
    51
  ],
  "(122, 109)": [
    50,
    51
  ],
  "(122, 120)": [
    50,
    51
  ],
  "(122, 121)": [
    50,
    51
  ],
  "(122, 128)": [
    50,
    51
  ],
  "(122, 129)": [
    50,
    51
  ],
  "(122, 130)": [
    50,
    51,
    54,
    55,
    56,
    57,
    58
  ],
  "(122, 138)": [
    50,
    51,
    59
  ],
  "(124, 104)": [
    83,
    84,
    85
  ],
  "(124, 116)": [
    83,
    84,
    85
  ],
  "(124, 117)": [
    83,
    84,
    85
  ],
  "(124, 118)": [
    83,
    84,
    85
  ],
  "(124, 125)": [
    83,
    84,
    85
  ],
  "(124, 126)": [
    83,
    84,
    85
  ],
  "(124, 133)": [
    83,
    84,
    85
  ],
  "(124, 134)": [
    83,
    84,
    85
  ],
  "(124, 143)": [
    82,
    83,
    84,
    85
  ],
  "(125, 105)": [],
  "(125, 117)": [
    84,
    85
  ],
  "(125, 118)": [],
  "(125, 119)": [],
  "(125, 124)": [
    83,
    84,
    85
  ],
  "(125, 126)": [],
  "(125, 133)": [
    83,
    84
  ],
  "(125, 134)": [],
  "(125, 135)": [],
  "(125, 144)": [],
  "(126, 106)": [],
  "(126, 118)": [],
  "(126, 119)": [],
  "(126, 124)": [
    83,
    84,
    85
  ],
  "(126, 125)": [],
  "(126, 134)": [],
  "(126, 135)": [],
  "(126, 145)": [],
  "(127, 107)": [],
  "(127, 120)": [],
  "(127, 121)": [
    51
  ],
  "(127, 128)": [],
  "(127, 129)": [
    51
  ],
  "(127, 136)": [],
  "(127, 137)": [],
  "(127, 146)": [],
  "(128, 108)": [],
  "(128, 120)": [],
  "(128, 121)": [
    51
  ],
  "(128, 122)": [
    50,
    51
  ],
  "(128, 127)": [],
  "(128, 129)": [
    51
  ],
  "(128, 130)": [
    54,
    55,
    56,
    57,
    58
  ],
  "(128, 136)": [],
  "(128, 137)": [],
  "(128, 138)": [
    59
  ],
  "(128, 147)": [
    59,
    60
  ],
  "(129, 109)": [
    50,
    51
  ],
  "(129, 121)": [
    51
  ],
  "(129, 122)": [
    50,
    51
  ],
  "(129, 127)": [
    51
  ],
  "(129, 128)": [
    51
  ],
  "(129, 130)": [
    51,
    54,
    55,
    56,
    57,
    58
  ],
  "(129, 137)": [
    51
  ],
  "(129, 138)": [
    51,
    59
  ],
  "(129, 139)": [
    51,
    52,
    53,
    54,
    55,
    56
  ],
  "(129, 148)": [
    51,
    59,
    60,
    61
  ],
  "(130, 122)": [
    50,
    51,
    54,
    55,
    56,
    57,
    58
  ],
  "(130, 128)": [
    54,
    55,
    56,
    57,
    58
  ],
  "(130, 129)": [
    51,
    54,
    55,
    56,
    57,
    58
  ],
  "(130, 138)": [
    54,
    55,
    56,
    57,
    58,
    59
  ],
  "(130, 139)": [
    52,
    53,
    54,
    55,
    56,
    57,
    58
  ],
  "(133, 117)": [
    83,
    84,
    85
  ],
  "(133, 124)": [
    83,
    84,
    85
  ],
  "(133, 125)": [
    83,
    84
  ],
  "(133, 134)": [
    83,
    84
  ],
  "(133, 135)": [
    83,
    84
  ],
  "(133, 142)": [
    76,
    77,
    78,
    79,
    80,
    81,
    82,
    83,
    84
  ],
  "(133, 143)": [
    82,
    83,
    84
  ],
  "(133, 144)": [
    83,
    84
  ],
  "(133, 151)": [
    74,
    75,
    83,
    84
  ],
  "(134, 118)": [],
  "(134, 124)": [
    83,
    84,
    85
  ],
  "(134, 125)": [],
  "(134, 126)": [],
  "(134, 133)": [
    83,
    84
  ],
  "(134, 135)": [],
  "(134, 143)": [
    82,
    83
  ],
  "(134, 144)": [],
  "(134, 145)": [],
  "(134, 152)": [],
  "(135, 119)": [],
  "(135, 125)": [],
  "(135, 126)": [],
  "(135, 133)": [
    83,
    84
  ],
  "(135, 134)": [],
  "(135, 144)": [],
  "(135, 145)": [],
  "(135, 153)": [],
  "(136, 120)": [],
  "(136, 127)": [],
  "(136, 128)": [],
  "(136, 137)": [],
  "(136, 138)": [
    59
  ],
  "(136, 146)": [],
  "(136, 147)": [
    59,
    60
  ],
  "(136, 154)": [],
  "(137, 121)": [
    51
  ],
  "(137, 127)": [],
  "(137, 128)": [],
  "(137, 129)": [
    51
  ],
  "(137, 136)": [],
  "(137, 138)": [
    59
  ],
  "(137, 139)": [
    52,
    53,
    54,
    55,
    56
  ],
  "(137, 146)": [],
  "(137, 147)": [
    59,
    60
  ],
  "(137, 148)": [
    59,
    60,
    61
  ],
  "(137, 155)": [
    61
  ],
  "(138, 122)": [
    50,
    51,
    59
  ],
  "(138, 128)": [
    59
  ],
  "(138, 129)": [
    51,
    59
  ],
  "(138, 130)": [
    54,
    55,
    56,
    57,
    58,
    59
  ],
  "(138, 136)": [
    59
  ],
  "(138, 137)": [
    59
  ],
  "(138, 139)": [
    52,
    53,
    54,
    55,
    56,
    59
  ],
  "(138, 147)": [
    59,
    60
  ],
  "(138, 148)": [
    59,
    60,
    61
  ],
  "(138, 156)": [
    59,
    60,
    61
  ],
  "(139, 129)": [
    51,
    52,
    53,
    54,
    55,
    56
  ],
  "(139, 130)": [
    52,
    53,
    54,
    55,
    56,
    57,
    58
  ],
  "(139, 137)": [
    52,
    53,
    54,
    55,
    56
  ],
  "(139, 138)": [
    52,
    53,
    54,
    55,
    56,
    59
  ],
  "(141, 142)": [
    76,
    77,
    78,
    79,
    80,
    81,
    82
  ],
  "(141, 143)": [
    76,
    77,
    81,
    82,
    83
  ],
  "(142, 133)": [
    76,
    77,
    78,
    79,
    80,
    81,
    82,
    83,
    84
  ],
  "(142, 141)": [
    76,
    77,
    78,
    79,
    80,
    81,
    82
  ],
  "(142, 143)": [
    76,
    77,
    78,
    79,
    80,
    81,
    82,
    83
  ],
  "(142, 144)": [
    76,
    77,
    78,
    79,
    80,
    81,
    82
  ],
  "(142, 151)": [
    74,
    75,
    76,
    77,
    78,
    79,
    80,
    81,
    82
  ],
  "(143, 124)": [
    82,
    83,
    84,
    85
  ],
  "(143, 133)": [
    82,
    83,
    84
  ],
  "(143, 134)": [
    82,
    83
  ],
  "(143, 141)": [
    76,
    77,
    81,
    82,
    83
  ],
  "(143, 142)": [
    76,
    77,
    78,
    79,
    80,
    81,
    82,
    83
  ],
  "(143, 144)": [
    82,
    83
  ],
  "(143, 145)": [
    82,
    83
  ],
  "(143, 151)": [
    74,
    75,
    82,
    83
  ],
  "(143, 152)": [
    82,
    83
  ],
  "(143, 160)": [
    74,
    75,
    82,
    83
  ],
  "(144, 125)": [],
  "(144, 133)": [
    83,
    84
  ],
  "(144, 134)": [],
  "(144, 135)": [],
  "(144, 142)": [
    76,
    77,
    78,
    79,
    80,
    81,
    82
  ],
  "(144, 143)": [
    82,
    83
  ],
  "(144, 145)": [],
  "(144, 151)": [
    74,
    75
  ],
  "(144, 152)": [],
  "(144, 153)": [],
  "(144, 161)": [],
  "(145, 126)": [],
  "(145, 134)": [],
  "(145, 135)": [],
  "(145, 143)": [
    82,
    83
  ],
  "(145, 144)": [],
  "(145, 152)": [],
  "(145, 153)": [],
  "(145, 162)": [],
  "(146, 127)": [],
  "(146, 136)": [],
  "(146, 137)": [],
  "(146, 147)": [
    59,
    60
  ],
  "(146, 148)": [
    59,
    60,
    61
  ],
  "(146, 154)": [],
  "(146, 155)": [
    61
  ],
  "(146, 163)": [],
  "(147, 128)": [
    59,
    60
  ],
  "(147, 136)": [
    59,
    60
  ],
  "(147, 137)": [
    59,
    60
  ],
  "(147, 138)": [
    59,
    60
  ],
  "(147, 146)": [
    59,
    60
  ],
  "(147, 148)": [
    59,
    60,
    61
  ],
  "(147, 154)": [
    59,
    60
  ],
  "(147, 155)": [
    59,
    60,
    61
  ],
  "(147, 156)": [
    59,
    60,
    61
  ],
  "(147, 164)": [
    59,
    60
  ],
  "(148, 129)": [
    51,
    59,
    60,
    61
  ],
  "(148, 137)": [
    59,
    60,
    61
  ],
  "(148, 138)": [
    59,
    60,
    61
  ],
  "(148, 146)": [
    59,
    60,
    61
  ],
  "(148, 147)": [
    59,
    60,
    61
  ],
  "(148, 155)": [
    59,
    60,
    61
  ],
  "(148, 156)": [
    59,
    60,
    61
  ],
  "(148, 165)": [
    59,
    60,
    61,
    62
  ],
  "(151, 133)": [
    74,
    75,
    83,
    84
  ],
  "(151, 142)": [
    74,
    75,
    76,
    77,
    78,
    79,
    80,
    81,
    82
  ],
  "(151, 143)": [
    74,
    75,
    82,
    83
  ],
  "(151, 144)": [
    74,
    75
  ],
  "(151, 152)": [
    74,
    75
  ],
  "(151, 153)": [
    74,
    75
  ],
  "(151, 160)": [
    74,
    75
  ],
  "(151, 161)": [
    74,
    75
  ],
  "(151, 173)": [
    74,
    75
  ],
  "(152, 134)": [],
  "(152, 143)": [
    82,
    83
  ],
  "(152, 144)": [],
  "(152, 145)": [],
  "(152, 151)": [
    74,
    75
  ],
  "(152, 153)": [],
  "(152, 160)": [
    74,
    75
  ],
  "(152, 161)": [],
  "(152, 162)": [],
  "(152, 174)": [],
  "(153, 135)": [],
  "(153, 144)": [],
  "(153, 145)": [],
  "(153, 151)": [
    74,
    75
  ],
  "(153, 152)": [],
  "(153, 161)": [],
  "(153, 162)": [],
  "(153, 175)": [],
  "(154, 136)": [],
  "(154, 146)": [],
  "(154, 147)": [
    59,
    60
  ],
  "(154, 155)": [
    61
  ],
  "(154, 156)": [
    60,
    61
  ],
  "(154, 163)": [],
  "(154, 164)": [],
  "(154, 176)": [],
  "(155, 137)": [
    61
  ],
  "(155, 146)": [
    61
  ],
  "(155, 147)": [
    59,
    60,
    61
  ],
  "(155, 148)": [
    59,
    60,
    61
  ],
  "(155, 154)": [
    61
  ],
  "(155, 156)": [
    60,
    61
  ],
  "(155, 163)": [
    61
  ],
  "(155, 164)": [
    61
  ],
  "(155, 165)": [
    61,
    62
  ],
  "(155, 177)": [
    61
  ],
  "(156, 138)": [
    59,
    60,
    61
  ],
  "(156, 147)": [
    59,
    60,
    61
  ],
  "(156, 148)": [
    59,
    60,
    61
  ],
  "(156, 154)": [
    60,
    61
  ],
  "(156, 155)": [
    60,
    61
  ],
  "(156, 164)": [
    60,
    61
  ],
  "(156, 165)": [
    60,
    61,
    62
  ],
  "(156, 166)": [
    60,
    61,
    62,
    63
  ],
  "(156, 178)": [
    60,
    61
  ],
  "(157, 168)": [
    64,
    65,
    66,
    70
  ],
  "(157, 169)": [
    65,
    66,
    67,
    68,
    69,
    70
  ],
  "(157, 170)": [
    66,
    68,
    69,
    70,
    71,
    72
  ],
  "(157, 182)": [
    66,
    70
  ],
  "(160, 143)": [
    74,
    75,
    82,
    83
  ],
  "(160, 151)": [
    74,
    75
  ],
  "(160, 152)": [
    74,
    75
  ],
  "(160, 161)": [
    74,
    75
  ],
  "(160, 162)": [
    74,
    75
  ],
  "(160, 172)": [
    72,
    73,
    74,
    75
  ],
  "(160, 173)": [
    74,
    75
  ],
  "(160, 174)": [
    74,
    75
  ],
  "(160, 186)": [
    74,
    75
  ],
  "(161, 144)": [],
  "(161, 151)": [
    74,
    75
  ],
  "(161, 152)": [],
  "(161, 153)": [],
  "(161, 160)": [
    74,
    75
  ],
  "(161, 162)": [],
  "(161, 173)": [
    74
  ],
  "(161, 174)": [],
  "(161, 175)": [],
  "(161, 187)": [],
  "(162, 145)": [],
  "(162, 152)": [],
  "(162, 153)": [],
  "(162, 160)": [
    74,
    75
  ],
  "(162, 161)": [],
  "(162, 174)": [],
  "(162, 175)": [],
  "(162, 188)": [],
  "(163, 146)": [],
  "(163, 154)": [],
  "(163, 155)": [
    61
  ],
  "(163, 164)": [],
  "(163, 165)": [
    61,
    62
  ],
  "(163, 176)": [],
  "(163, 177)": [],
  "(164, 147)": [
    59,
    60
  ],
  "(164, 154)": [],
  "(164, 155)": [
    61
  ],
  "(164, 156)": [
    60,
    61
  ],
  "(164, 163)": [],
  "(164, 165)": [
    61,
    62
  ],
  "(164, 166)": [
    62,
    63
  ],
  "(164, 176)": [],
  "(164, 177)": [],
  "(164, 178)": [],
  "(164, 189)": [],
  "(165, 148)": [
    59,
    60,
    61,
    62
  ],
  "(165, 155)": [
    61,
    62
  ],
  "(165, 156)": [
    60,
    61,
    62
  ],
  "(165, 163)": [
    61,
    62
  ],
  "(165, 164)": [
    61,
    62
  ],
  "(165, 166)": [
    61,
    62,
    63
  ],
  "(165, 167)": [
    61,
    62,
    63,
    64,
    65
  ],
  "(165, 177)": [
    61,
    62
  ],
  "(165, 178)": [
    61,
    62
  ],
  "(165, 179)": [
    61,
    62
  ],
  "(165, 190)": [
    61,
    62
  ],
  "(166, 156)": [
    60,
    61,
    62,
    63
  ],
  "(166, 164)": [
    62,
    63
  ],
  "(166, 165)": [
    61,
    62,
    63
  ],
  "(166, 167)": [
    62,
    63,
    64,
    65
  ],
  "(166, 168)": [
    62,
    63,
    64,
    65
  ],
  "(166, 178)": [
    62,
    63
  ],
  "(166, 179)": [
    62,
    63
  ],
  "(166, 180)": [
    62,
    63,
    64
  ],
  "(166, 191)": [
    62,
    63
  ],
  "(167, 165)": [
    61,
    62,
    63,
    64,
    65
  ],
  "(167, 166)": [
    62,
    63,
    64,
    65
  ],
  "(167, 168)": [
    62,
    63,
    64,
    65
  ],
  "(167, 169)": [
    62,
    63,
    64,
    65,
    66,
    67,
    68,
    69,
    70
  ],
  "(167, 179)": [
    62,
    63,
    64,
    65
  ],
  "(167, 180)": [
    62,
    63,
    64,
    65
  ],
  "(167, 181)": [
    62,
    63,
    64,
    65
  ],
  "(167, 192)": [
    62,
    63,
    64,
    65
  ],
  "(168, 157)": [
    64,
    65,
    66,
    70
  ],
  "(168, 166)": [
    62,
    63,
    64,
    65
  ],
  "(168, 167)": [
    62,
    63,
    64,
    65
  ],
  "(168, 169)": [
    64,
    65,
    66,
    67,
    68,
    69,
    70
  ],
  "(168, 170)": [
    64,
    65,
    68,
    69,
    71,
    72
  ],
  "(168, 180)": [
    63,
    64,
    65
  ],
  "(168, 181)": [
    64,
    65
  ],
  "(168, 182)": [
    64,
    65
  ],
  "(168, 193)": [
    64,
    65
  ],
  "(169, 157)": [
    65,
    66,
    67,
    68,
    69,
    70
  ],
  "(169, 167)": [
    62,
    63,
    64,
    65,
    66,
    67,
    68,
    69,
    70
  ],
  "(169, 168)": [
    64,
    65,
    66,
    67,
    68,
    69,
    70
  ],
  "(169, 170)": [
    65,
    66,
    67,
    68,
    69,
    70,
    71,
    72
  ],
  "(169, 171)": [
    65,
    66,
    67,
    68,
    69,
    70,
    71,
    72,
    73
  ],
  "(169, 181)": [
    65,
    66,
    67,
    68,
    69,
    70
  ],
  "(169, 182)": [
    65,
    66,
    67,
    68,
    69,
    70
  ],
  "(169, 183)": [
    65,
    66,
    67,
    68,
    69,
    70
  ],
  "(169, 194)": [
    65,
    66,
    67,
    68,
    69,
    70
  ],
  "(170, 157)": [
    66,
    68,
    69,
    70,
    71,
    72
  ],
  "(170, 168)": [
    64,
    65,
    68,
    69,
    71,
    72
  ],
  "(170, 169)": [
    65,
    66,
    67,
    68,
    69,
    70,
    71,
    72
  ],
  "(170, 171)": [
    68,
    69,
    71,
    72,
    73
  ],
  "(170, 172)": [
    68,
    69,
    71,
    72,
    73
  ],
  "(170, 182)": [
    68,
    69,
    71,
    72
  ],
  "(170, 183)": [
    68,
    69,
    71,
    72
  ],
  "(170, 184)": [
    68,
    69,
    71,
    72
  ],
  "(170, 195)": [
    68,
    69,
    71,
    72
  ],
  "(171, 169)": [
    65,
    66,
    67,
    68,
    69,
    70,
    71,
    72,
    73
  ],
  "(171, 170)": [
    68,
    69,
    71,
    72,
    73
  ],
  "(171, 172)": [
    71,
    72,
    73
  ],
  "(171, 173)": [
    71,
    72,
    73,
    74
  ],
  "(171, 183)": [
    71,
    72,
    73
  ],
  "(171, 184)": [
    71,
    72,
    73
  ],
  "(171, 185)": [
    71,
    72,
    73
  ],
  "(171, 196)": [
    71,
    72,
    73
  ],
  "(172, 160)": [
    72,
    73,
    74,
    75
  ],
  "(172, 170)": [
    68,
    69,
    71,
    72,
    73
  ],
  "(172, 171)": [
    71,
    72,
    73
  ],
  "(172, 173)": [
    72,
    73,
    74
  ],
  "(172, 174)": [
    72,
    73
  ],
  "(172, 184)": [
    72,
    73
  ],
  "(172, 185)": [
    72,
    73
  ],
  "(172, 186)": [
    72,
    73
  ],
  "(172, 197)": [
    72,
    73
  ],
  "(173, 151)": [
    74,
    75
  ],
  "(173, 160)": [
    74,
    75
  ],
  "(173, 161)": [
    74
  ],
  "(173, 171)": [
    71,
    72,
    73,
    74
  ],
  "(173, 172)": [
    72,
    73,
    74
  ],
  "(173, 174)": [
    74
  ],
  "(173, 175)": [
    74
  ],
  "(173, 185)": [
    73,
    74
  ],
  "(173, 186)": [
    74
  ],
  "(173, 187)": [
    74
  ],
  "(173, 198)": [
    74
  ],
  "(174, 152)": [],
  "(174, 160)": [
    74,
    75
  ],
  "(174, 161)": [],
  "(174, 162)": [],
  "(174, 172)": [
    72,
    73
  ],
  "(174, 173)": [
    74
  ],
  "(174, 175)": [],
  "(174, 186)": [],
  "(174, 187)": [],
  "(174, 188)": [],
  "(174, 199)": [],
  "(175, 153)": [],
  "(175, 161)": [],
  "(175, 162)": [],
  "(175, 173)": [
    74
  ],
  "(175, 174)": [],
  "(175, 187)": [],
  "(175, 188)": [],
  "(176, 154)": [],
  "(176, 163)": [],
  "(176, 164)": [],
  "(176, 177)": [],
  "(176, 178)": [],
  "(176, 189)": [],
  "(177, 155)": [
    61
  ],
  "(177, 163)": [],
  "(177, 164)": [],
  "(177, 165)": [
    61,
    62
  ],
  "(177, 176)": [],
  "(177, 178)": [],
  "(177, 179)": [
    62
  ],
  "(177, 189)": [],
  "(177, 190)": [],
  "(178, 156)": [
    60,
    61
  ],
  "(178, 164)": [],
  "(178, 165)": [
    61,
    62
  ],
  "(178, 166)": [
    62,
    63
  ],
  "(178, 176)": [],
  "(178, 177)": [],
  "(178, 179)": [
    62
  ],
  "(178, 180)": [
    63,
    64
  ],
  "(178, 189)": [],
  "(178, 190)": [],
  "(178, 191)": [],
  "(179, 165)": [
    61,
    62
  ],
  "(179, 166)": [
    62,
    63
  ],
  "(179, 167)": [
    62,
    63,
    64,
    65
  ],
  "(179, 177)": [
    62
  ],
  "(179, 178)": [
    62
  ],
  "(179, 180)": [
    62,
    63,
    64
  ],
  "(179, 181)": [
    62,
    65
  ],
  "(179, 190)": [
    62
  ],
  "(179, 191)": [
    62
  ],
  "(179, 192)": [
    62
  ],
  "(180, 166)": [
    62,
    63,
    64
  ],
  "(180, 167)": [
    62,
    63,
    64,
    65
  ],
  "(180, 168)": [
    63,
    64,
    65
  ],
  "(180, 178)": [
    63,
    64
  ],
  "(180, 179)": [
    62,
    63,
    64
  ],
  "(180, 181)": [
    63,
    64,
    65
  ],
  "(180, 182)": [
    63,
    64
  ],
  "(180, 191)": [
    63,
    64
  ],
  "(180, 192)": [
    63,
    64
  ],
  "(180, 193)": [
    63,
    64
  ],
  "(181, 167)": [
    62,
    63,
    64,
    65
  ],
  "(181, 168)": [
    64,
    65
  ],
  "(181, 169)": [
    65,
    66,
    67,
    68,
    69,
    70
  ],
  "(181, 179)": [
    62,
    65
  ],
  "(181, 180)": [
    63,
    64,
    65
  ],
  "(181, 182)": [
    65
  ],
  "(181, 183)": [
    65
  ],
  "(181, 192)": [
    65
  ],
  "(181, 193)": [
    65
  ],
  "(181, 194)": [
    65
  ],
  "(182, 157)": [
    66,
    70
  ],
  "(182, 168)": [
    64,
    65
  ],
  "(182, 169)": [
    65,
    66,
    67,
    68,
    69,
    70
  ],
  "(182, 170)": [
    68,
    69,
    71,
    72
  ],
  "(182, 180)": [
    63,
    64
  ],
  "(182, 181)": [
    65
  ],
  "(182, 183)": [],
  "(182, 184)": [
    72
  ],
  "(182, 193)": [],
  "(182, 194)": [],
  "(182, 195)": [],
  "(183, 169)": [
    65,
    66,
    67,
    68,
    69,
    70
  ],
  "(183, 170)": [
    68,
    69,
    71,
    72
  ],
  "(183, 171)": [
    71,
    72,
    73
  ],
  "(183, 181)": [
    65
  ],
  "(183, 182)": [],
  "(183, 184)": [
    72
  ],
  "(183, 185)": [
    73
  ],
  "(183, 194)": [],
  "(183, 195)": [],
  "(183, 196)": [],
  "(184, 170)": [
    68,
    69,
    71,
    72
  ],
  "(184, 171)": [
    71,
    72,
    73
  ],
  "(184, 172)": [
    72,
    73
  ],
  "(184, 182)": [
    72
  ],
  "(184, 183)": [
    72
  ],
  "(184, 185)": [
    72,
    73
  ],
  "(184, 186)": [
    72
  ],
  "(184, 195)": [
    72
  ],
  "(184, 196)": [
    72
  ],
  "(184, 197)": [
    72
  ],
  "(185, 171)": [
    71,
    72,
    73
  ],
  "(185, 172)": [
    72,
    73
  ],
  "(185, 173)": [
    73,
    74
  ],
  "(185, 183)": [
    73
  ],
  "(185, 184)": [
    72,
    73
  ],
  "(185, 186)": [
    73
  ],
  "(185, 187)": [
    73
  ],
  "(185, 196)": [
    73
  ],
  "(185, 197)": [
    73
  ],
  "(185, 198)": [
    73
  ],
  "(186, 160)": [
    74,
    75
  ],
  "(186, 172)": [
    72,
    73
  ],
  "(186, 173)": [
    74
  ],
  "(186, 174)": [],
  "(186, 184)": [
    72
  ],
  "(186, 185)": [
    73
  ],
  "(186, 187)": [],
  "(186, 188)": [],
  "(186, 197)": [],
  "(186, 198)": [],
  "(186, 199)": [],
  "(187, 161)": [],
  "(187, 173)": [
    74
  ],
  "(187, 174)": [],
  "(187, 175)": [],
  "(187, 185)": [
    73
  ],
  "(187, 186)": [],
  "(187, 188)": [],
  "(187, 198)": [],
  "(187, 199)": [],
  "(188, 162)": [],
  "(188, 174)": [],
  "(188, 175)": [],
  "(188, 186)": [],
  "(188, 187)": [],
  "(188, 199)": [],
  "(189, 164)": [],
  "(189, 176)": [],
  "(189, 177)": [],
  "(189, 178)": [],
  "(189, 190)": [],
  "(189, 191)": [],
  "(190, 165)": [
    61,
    62
  ],
  "(190, 177)": [],
  "(190, 178)": [],
  "(190, 179)": [
    62
  ],
  "(190, 189)": [],
  "(190, 191)": [],
  "(190, 192)": [],
  "(191, 166)": [
    62,
    63
  ],
  "(191, 178)": [],
  "(191, 179)": [
    62
  ],
  "(191, 180)": [
    63,
    64
  ],
  "(191, 189)": [],
  "(191, 190)": [],
  "(191, 192)": [],
  "(191, 193)": [],
  "(192, 167)": [
    62,
    63,
    64,
    65
  ],
  "(192, 179)": [
    62
  ],
  "(192, 180)": [
    63,
    64
  ],
  "(192, 181)": [
    65
  ],
  "(192, 190)": [],
  "(192, 191)": [],
  "(192, 193)": [],
  "(192, 194)": [],
  "(193, 168)": [
    64,
    65
  ],
  "(193, 180)": [
    63,
    64
  ],
  "(193, 181)": [
    65
  ],
  "(193, 182)": [],
  "(193, 191)": [],
  "(193, 192)": [],
  "(193, 194)": [],
  "(193, 195)": [],
  "(194, 169)": [
    65,
    66,
    67,
    68,
    69,
    70
  ],
  "(194, 181)": [
    65
  ],
  "(194, 182)": [],
  "(194, 183)": [],
  "(194, 192)": [],
  "(194, 193)": [],
  "(194, 195)": [],
  "(194, 196)": [],
  "(195, 170)": [
    68,
    69,
    71,
    72
  ],
  "(195, 182)": [],
  "(195, 183)": [],
  "(195, 184)": [
    72
  ],
  "(195, 193)": [],
  "(195, 194)": [],
  "(195, 196)": [],
  "(195, 197)": [],
  "(196, 171)": [
    71,
    72,
    73
  ],
  "(196, 183)": [],
  "(196, 184)": [
    72
  ],
  "(196, 185)": [
    73
  ],
  "(196, 194)": [],
  "(196, 195)": [],
  "(196, 197)": [],
  "(196, 198)": [],
  "(197, 172)": [
    72,
    73
  ],
  "(197, 184)": [
    72
  ],
  "(197, 185)": [
    73
  ],
  "(197, 186)": [],
  "(197, 195)": [],
  "(197, 196)": [],
  "(197, 198)": [],
  "(197, 199)": [],
  "(198, 173)": [
    74
  ],
  "(198, 185)": [
    73
  ],
  "(198, 186)": [],
  "(198, 187)": [],
  "(198, 196)": [],
  "(198, 197)": [],
  "(198, 199)": [],
  "(199, 174)": [],
  "(199, 186)": [],
  "(199, 187)": [],
  "(199, 188)": [],
  "(199, 197)": [],
  "(199, 198)": []
}