edge_start_node,edge_end_node,visible_segments
0,1,
0,2,
0,6,
0,7,
0,8,25;26
0,17,24;25;22;23
1,0,
1,2,
1,3,
1,7,
1,8,25;26
1,9,27
1,18,24;25;26
2,0,
2,1,
2,3,
2,4,
2,8,25;26
2,9,27
2,10,
3,1,
3,2,
3,4,
3,9,27
3,10,
3,11,
3,20,27;28;29
4,2,
4,3,
4,10,
4,11,
4,12,
4,21,
5,6,
5,7,
5,14,
5,15,
5,16,21;22
5,27,17;18;19;20
6,0,
6,5,
6,7,
6,8,25;26
6,15,
6,16,21;22
6,17,24;25;22;23
6,28,20;21;22
7,0,
7,1,
7,5,
7,6,
7,8,25;26
7,9,25;26;27
7,16,21;22
7,17,24;25;22;23
7,18,24;25;26
8,0,25;26
8,1,25;26
8,2,25;26
8,6,25;26
8,7,25;26
8,9,25;26;27
8,10,25;26;27
8,17,22;23;24;25;26
8,18,24;25;26
9,1,27
9,2,27
9,3,27
9,7,25;26;27
9,8,25;26;27
9,10,27
9,11,27
9,18,25;26;27
9,20,27;28;29
10,2,
10,3,
10,4,
10,8,25;26;27
10,9,27
10,11,
10,12,
10,20,27;28;29
10,21,28
10,29,27;28;29
11,3,
11,4,
11,9,27
11,10,
11,12,
11,20,28;29
11,21,
11,22,
11,30,32;29;30;31
12,4,
12,10,
12,11,
12,21,
12,22,
12,31,
13,14,
13,15,
13,24,
13,25,
13,26,17
13,37,16
14,5,
14,13,
14,15,
14,16,21;22
14,25,
14,26,17
14,27,17;18;19;20
14,38,16;17;18
15,5,
15,6,
15,13,
15,14,
15,16,21;22
15,17,21;22;23;24;25
15,26,17
15,27,17;18;19;20
15,28,19;20;21;22
16,5,21;22
16,6,21;22
16,7,21;22
16,14,21;22
16,15,21;22
16,17,21;22;23;24;25
16,18,21;22;23;24;25
16,27,17;18;19;20;21;22
16,28,20;21;22
17,0,24;25;22;23
17,6,24;25;22;23
17,7,24;25;22;23
17,8,22;23;24;25;26
17,15,21;22;23;24;25
17,16,21;22;23;24;25
17,18,24;25;22;23
17,28,20;21;22;23;24;25
18,1,24;25;26
18,7,24;25;26;23
18,8,24;25;26
18,9,25;26;27
18,16,21;22;23;24;25
18,17,24;25;22;23
20,3,27;28;29
20,9,27;28;29
20,10,27;28;29
20,11,28;29
20,21,28;29
20,22,28;29
20,29,28;29
20,30,32;28;29;30;31
21,4,
21,10,28
21,11,
21,12,
21,20,28;29
21,22,
21,29,28;29;30
21,30,32;29;30;31
21,31,
21,40,32;33;29;30;31
22,11,
22,12,
22,20,28;29
22,21,
22,30,32;29;30;31
22,31,
22,32,
22,41,
23,24,
23,25,
23,34,
23,35,
23,36,
23,47,72;71
24,13,
24,23,
24,25,
24,26,17
24,35,
24,36,
24,37,16
24,48,72;73
25,13,
25,14,
25,23,
25,24,
25,26,17
25,27,17;18;19;20
25,36,
25,37,16
25,38,16;17
25,49,16;14;15
26,13,17
26,14,17
26,15,17
26,24,17
26,25,17
26,27,17;18;19;20
26,28,17;18;19;20;21
26,37,16;17
26,38,16;17;18
27,5,17;18;19;20
27,14,17;18;19;20
27,15,17;18;19;20
27,16,17;18;19;20;21;22
27,25,17;18;19;20
27,26,17;18;19;20
27,28,17;18;19;20;21
27,38,16;17;18;19;20
28,6,20;21;22
28,15,19;20;21;22
28,16,20;21;22
28,17,20;21;22;23;24;25
28,26,17;18;19;20;21
28,27,17;18;19;20;21
29,10,27;28;29
29,20,28;29
29,21,28;29;30
29,30,32;29;30;31
29,31,32;29;30;31
29,40,32;33;30;31
30,11,32;29;30;31
30,20,32;28;29;30;31
30,21,32;29;30;31
30,22,32;29;30;31
30,29,32;29;30;31
30,31,32;29;30;31
30,32,32;29;30;31
30,40,32;33;29;30;31
30,41,32;33;29;30;31
31,12,
31,21,
31,22,
31,29,32;29;30;31
31,30,32;29;30;31
31,32,
31,40,32;33;31
31,41,
31,42,
31,54,33;34;35;36
32,22,
32,30,32;29;30;31
32,31,
32,41,
32,42,
32,55,
33,34,
33,35,
33,44,
33,45,
33,46,70;71
33,60,66;67;68;69
34,23,
34,33,
34,35,
34,36,
34,45,
34,46,70;71
34,47,72;71
34,61,69;70;71
35,23,
35,24,
35,33,
35,34,
35,36,
35,37,16
35,46,70;71
35,47,72;71
35,48,72;73
36,23,
36,24,
36,25,
36,34,
36,35,
36,37,16
36,38,16;17
36,47,72;71
36,48,72;73
36,49,14;15
36,62,72;73;74
37,13,16
37,24,16
37,25,16
37,26,16;17
37,35,16
37,36,16
37,38,16;17
37,48,16;73;72
37,49,16;14;15
37,50,16
37,63,16;74;14;15
38,14,16;17;18
38,25,16;17
38,26,16;17;18
38,27,16;17;18;19;20
38,36,16;17
38,37,16;17
38,49,16;17;14;15
40,21,32;33;29;30;31
40,29,32;33;30;31
40,30,32;33;29;30;31
40,31,32;33;31
40,41,32;33;34
40,42,32;33;34
40,54,32;33;34;35;36
41,22,
41,30,32;33;29;30;31
41,31,
41,32,
41,40,32;33;34
41,42,
41,54,33;34;35;36
41,55,
41,69,33;34;35;36
42,31,
42,32,
42,40,32;33;34
42,41,
42,54,34;35;36
42,55,
42,56,
42,70,
43,44,
43,45,
43,57,
43,58,
43,59,
43,73,
44,33,
44,43,
44,45,
44,46,70;71
44,58,
44,59,
44,60,66;67;68;69
45,33,
45,34,
45,43,
45,44,
45,46,70;71
45,47,72;70;71
45,59,66
45,60,66;67;68;69
45,61,68;69;70
46,33,70;71
46,34,70;71
46,35,70;71
46,44,70;71
46,45,70;71
46,47,72;70;71
46,48,72;73;70;71
46,60,66;67;68;69;70;71
46,61,69;70;71
47,23,72;71
47,34,72;71
47,35,72;71
47,36,72;71
47,45,72;70;71
47,46,72;70;71
47,48,72;73;71
47,49,71;72;73;14;15
47,61,72;69;70;71
47,62,72;73;74;71
48,24,72;73
48,35,72;73
48,36,72;73
48,37,16;73;72
48,46,72;73;70;71
48,47,72;73;71
48,49,72;73;14;15
48,50,72;73;14;15
48,62,72;73;74
48,63,72;73;74
49,25,16;14;15
49,36,14;15
49,37,16;14;15
49,38,16;17;14;15
49,47,71;72;73;14;15
49,48,72;73;14;15
49,50,14;15
49,62,73;74;14;15
49,63,74;14;15
49,64,12;13;14;15
49,76,74;75;14;15
50,37,16;15
50,48,72;73;14;15
50,49,14;15
50,63,74;13;14;15
50,64,12;13;14
50,77,12;13;14
51,52,0;1;2;3;4;5
51,66,1;2;5;6;7;8;9;45
51,67,1;2;5;6;7;43;44;45
51,68,1;2;3;4;5;6;45
51,81,1;2;5;6;7;43;44;45
52,51,0;1;2;3;4;5
52,67,1;2;3;4;5;6;7;43;44;45
54,31,33;34;35;36
54,40,32;33;34;35;36
54,41,33;34;35;36
54,42,34;35;36
54,55,34;35;36
54,56,34;35;36
54,69,34;35;36
54,70,34;35;36
54,84,34;35;36;37;38
55,32,
55,41,
55,42,
55,54,34;35;36
55,56,
55,69,35;36
55,70,
55,71,
55,85,
56,42,
56,54,34;35;36
56,55,
56,70,
56,71,
56,86,
57,43,
57,58,
57,59,66
57,72,
57,73,
57,87,
58,43,
58,44,
58,57,
58,59,66
58,60,66;67;68;69
58,72,
58,73,
58,74,65;66
58,88,64
59,43,
59,44,
59,45,66
59,57,66
59,58,66
59,60,66;67;68;69
59,61,66;67;68;69;70
59,73,65;66
60,33,66;67;68;69
60,44,66;67;68;69
60,45,66;67;68;69
60,46,66;67;68;69;70;71
60,58,66;67;68;69
60,59,66;67;68;69
60,61,66;67;68;69;70
60,74,65;66;67;68;69
61,34,69;70;71
61,45,68;69;70;71
61,46,69;70;71
61,47,72;69;70;71
61,59,66;67;68;69;70
61,60,66;67;68;69;70
62,36,72;73;74
62,47,72;73;74;71
62,48,72;73;74
62,49,73;74;14;15
62,63,73;74
62,64,73;74;12;13;14
62,76,73;74;75
63,37,16;74;14;15
63,48,72;73;74
63,49,74;14;15
63,50,74;13;14;15
63,62,73;74
63,64,74;12;13;14
63,76,74;75
63,77,74;12;13
63,92,74;75
64,49,12;13;14;15
64,50,12;13;14
64,62,73;74;12;13;14
64,63,74;12;13;14
64,76,75;12;13;14
64,77,12;13;14
64,78,11;12;13;14
65,66,8;9;7
65,67,5;6;7;8;9;43;44;45
65,78,10;11
65,79,9;10;11
65,80,8;9;10
65,95,9;10;11
66,51,1;2;5;6;7;8;9;45
66,65,8;9;7
66,67,5;6;7;8;9;43;44;45
66,68,5;6;7;8;9;43;44;45
66,79,7;8;9;10;11
66,80,8;9;7
66,81,8;9;7
67,51,1;2;5;6;7;43;44;45
67,52,1;2;3;4;5;6;7;43;44;45
67,65,5;6;7;8;9;43;44;45
67,66,5;6;7;8;9;43;44;45
67,68,5;6;7;43;44;45
67,80,5;6;7;8;43;44;45
67,81,5;6;7;43;44;45
67,82,5;6;7;41;42;43;44;45
67,96,5;6;7;43;44;45
68,51,1;2;3;4;5;6;45
68,66,5;6;7;8;9;43;44;45
68,67,5;6;7;43;44;45
68,81,42;43;44;45
68,82,41;42;43
68,97,97;98;99;41;42;43
69,41,33;34;35;36
69,54,34;35;36
69,55,35;36
69,70,36
69,71,36
69,83,36;38;39
69,84,36;37;38
69,85,36;37
69,100,105;36;37;38
70,42,
70,54,34;35;36
70,55,
70,56,
70,69,36
70,71,
70,84,37;38
70,85,
70,86,
70,101,
71,55,
71,56,
71,69,36
71,70,
71,85,
71,86,
71,102,
72,57,
72,58,
72,73,
72,74,65;66
72,87,
72,88,64
72,104,
73,43,
73,57,
73,58,
73,59,65;66
73,72,
73,74,65;66
73,87,
73,88,64
73,89,64
73,105,64
74,58,65;66
74,60,65;66;67;68;69
74,72,65;66
74,73,65;66
74,88,64;65;66
76,49,74;75;14;15
76,62,73;74;75
76,63,74;75
76,64,75;12;13;14
76,77,75;12
76,78,75;11;12
76,91,75;76;77;79;80;81
76,92,75
76,93,75
76,108,75;86
77,50,12;13;14
77,63,74;12
77,64,12;13;14
77,76,75;12
77,78,11;12
77,79,9;10;11;12
77,92,12
77,94,12
78,64,11;12;13;14
78,65,10;11
78,76,75;11;12
78,77,11;12
78,79,9;10;11
78,80,9;10;11
78,93,11
78,94,11
78,95,11
78,110,11
79,65,9;10;11
79,66,7;8;9;10;11
79,77,9;10;11;12
79,78,9;10;11
79,80,9;10;11
79,81,9;10;11
79,94,9;10;11
79,95,9;10;11
80,65,8;9;10
80,66,8;9;7
80,67,5;6;7;8;43;44;45
80,78,9;10;11
80,79,9;10;11
80,81,
80,82,41;42;43
80,95,
80,96,
81,51,1;2;5;6;7;43;44;45
81,66,8;9;6;7
81,67,5;6;7;43;44;45
81,68,42;43;44;45
81,79,9;10;11
81,80,
81,82,41;42;43
81,96,
81,97,97;98;99;41;42
81,113,96;94;95
82,67,5;6;7;41;42;43;44;45
82,68,41;42;43
82,80,41;42;43
82,81,41;42;43
82,96,41;42;43
82,97,97;98;99;41;42;43
82,98,99;40;41;42;43
82,114,96;97;98;99;41;42;43
83,69,36;38;39
83,84,37;38;39
83,85,37;38;39
83,98,40;99;38;39
83,99,40;100;38;39
83,100,40;105;38;39
83,115,100;101;102;38;39;103;104;40
84,54,34;35;36;37;38
84,69,36;37;38
84,70,37;38
84,83,37;38;39
84,85,37;38
84,86,37;38
84,99,100;37;38;39;40
84,100,105;37;38
84,101,37;38
84,116,101;102;37;38;105;104
85,55,
85,69,36;37
85,70,
85,71,
85,83,37;38;39
85,84,37;38
85,86,
85,100,105
85,101,
85,102,
85,117,106
86,56,
86,70,
86,71,
86,84,37;38
86,85,
86,101,
86,102,
86,103,
86,118,107
87,57,
87,72,
87,73,
87,88,64
87,89,64;63
87,104,
87,105,
87,120,
88,58,64
88,72,64
88,73,64
88,74,64;65;66
88,87,64
88,89,64;63
88,104,64
88,105,64
88,106,64;61;62;63
88,121,64
89,73,64
89,87,64;63
89,88,64;63
89,105,64;62;63
89,106,64;61;62;63
89,122,64;59;60;61;62;63
90,91,76;77;78;79;80;81
90,92,76;77;78;79;80;81
90,107,77;78;79;80;81;82;83;84;85;86
91,76,75;76;77;79;80;81
91,90,76;77;78;79;80;81
91,92,76;77;79;80;81
91,93,76;77;79;80;81
91,107,76;77;78;79;80;81;82;83;84;85;86
91,108,76;77;79;80;81;82;85;86
92,63,74;75
92,76,75
92,77,12
92,90,76;77;78;79;80;81
92,91,76;77;79;80;81
92,93,
92,94,
92,107,76;80;81;82;83;84;85;86
92,108,86
92,109,88;87
93,76,75
93,78,11
93,91,76;77;79;80;81
93,92,
93,94,
93,95,
93,108,86;87
93,109,88;87
93,110,
93,124,88;89;87
94,77,12
94,78,11
94,79,9;10;11
94,92,
94,93,
94,95,
94,109,88;87
94,110,
94,111,
94,125,89;90
95,65,9;10;11
95,78,11
95,79,9;10;11
95,80,
95,93,
95,94,
96,67,5;6;7;43;44;45
96,80,
96,81,
96,82,41;42;43
96,97,41;98;99;97
96,98,97;98;99;40;41
96,112,93;94
96,113,96;94;95
96,114,96;97;98
97,68,97;98;99;41;42;43
97,81,97;98;99;41;42
97,82,97;98;99;41;42;43
97,96,41;98;99;97
97,98,97;98;99;40;41
97,99,97;98;99;100;39;40;41
97,113,96;97;98;99;41;94;95
97,114,96;97;98;99;41
98,82,99;40;41;42;43
98,83,40;99;38;39
98,96,97;98;99;40;41
98,97,97;98;99;40;41
98,99,40;99;100;39
98,100,99;100;39;40;105
98,114,40;97;98;99
98,115,99;100;101;102;103;40;104
99,83,40;100;38;39
99,84,100;37;38;39;40
99,97,97;98;99;100;39;40;41
99,98,40;99;100;39
99,100,40;105;100;39
99,101,40;105;100;39
99,115,100;101;102;39;40;103;104
99,116,100;101;102;39;40;105;104
100,69,105;36;37;38
100,83,105;38;39
100,84,105;37;38
100,85,105
100,98,99;100;39;40;105
100,99,40;105;100;39
100,101,105
100,102,105
100,115,100;101;102;103;104;105
100,116,104;105;101;102
100,117,105;106
101,70,
101,84,37;38
101,85,
101,86,
101,99,40;105;100;39
101,100,105
101,102,
101,103,
101,116,105;101;102
101,117,106
101,118,106;107
102,71,
102,85,
102,86,
102,100,105
102,101,
102,103,
102,117,106;107
102,118,107
102,119,
102,129,107;108;109;110
103,86,
103,101,
103,102,
103,118,107
103,119,
103,130,
104,72,
104,87,
104,88,64
104,105,
104,106,61;62;63
104,120,
104,121,
105,73,64
105,87,
105,88,64
105,89,64;62;63
105,104,
105,106,61;62;63
105,120,
105,121,
105,122,59;60;61;62
105,132,
106,88,64;61;62;63
106,89,64;61;62;63
106,104,61;62;63
106,105,61;62;63
106,121,61;62;63
106,122,59;60;61;62;63
106,123,59;60;61;62;63
106,133,59;60;61;62;63
107,90,77;78;79;80;81;82;83;84;85;86
107,91,76;77;78;79;80;81;82;83;84;85;86
107,92,76;81;82;83;84;85;86
107,108,81;82;83;84;85;86
107,109,81;82;83;84;85;86;87;88
108,76,75;86
108,91,76;77;79;80;81;82;85;86
108,92,86
108,93,86;87
108,107,81;82;83;84;85;86
108,109,88;86;87
108,110,88;86;87
109,92,88;86;87
109,93,88;87
109,94,88;87
109,107,81;82;83;84;85;86;87;88
109,108,88;86;87
109,110,88;87
109,111,88;87
109,124,88;89;87
109,125,88;89;90;87
110,78,11
110,93,
110,94,
110,108,88;86;87
110,109,88;87
110,111,
110,124,88;89;87
110,125,89;90
110,126,91;92
110,136,89;90
111,94,
111,109,88;87
111,110,
111,125,89;90
111,126,91;92
111,127,91;92;93
111,137,91;139;92
112,96,93;94
112,113,96;93;94;95
112,114,96;97;93;94;95
112,126,91;92;93;94
112,127,92;93;94
113,81,96;94;95
113,96,96;94;95
113,97,96;97;98;99;41;94;95
113,112,96;93;94;95
113,114,96;97;94;95
113,127,96;92;93;94;95
114,82,96;97;98;99;41;42;43
114,96,96;97;98;95
114,97,96;97;98;99;41
114,98,40;97;98;99
114,112,96;97;93;94;95
114,113,96;97;94;95
115,83,100;101;102;38;39;103;104;40
115,98,99;100;101;102;103;40;104
115,99,100;101;102;39;40;103;104
115,100,100;101;102;103;104;105
115,116,100;101;102;103;104;105
115,117,100;101;102;103;104;105;106
116,84,101;102;37;38;105;104
116,99,100;101;102;39;40;105;103;104
116,100,104;105;101;102
116,101,105;101;102
116,115,100;101;102;103;104;105
116,117,105;106;101;102
116,118,101;102;105;106;107;108
117,85,106
117,100,105;106
117,101,106
117,102,106;107
117,115,100;101;102;103;104;105;106
117,116,105;106;101;102
117,118,106;107;108
117,119,106;107;108
117,129,106;107;108;109;110
118,86,107
118,101,106;107
118,102,107
118,103,107
118,116,101;102;105;106;107;108
118,117,106;107;108
118,119,107
118,129,107;108;109;110
118,130,107
118,138,107;108;109;110;111
119,102,
119,103,
119,117,106;107;108
119,118,107
119,129,107;108;109;110
119,130,
119,131,
119,139,111
120,87,
120,104,
120,105,
120,121,
120,122,59;60;61
120,132,
121,88,64
121,104,
121,105,
121,106,61;62;63
121,120,
121,122,59;60;61
121,123,59;60;61
121,132,
121,133,
122,89,64;59;60;61;62;63
122,105,59;60;61;62
122,106,59;60;61;62;63
122,120,59;60;61
122,121,59;60;61
122,123,59;60;61
122,132,59;60;61
122,133,59;60;61
122,134,57;58;59;60;61
122,141,59;60;61
123,106,59;60;61;62;63
123,121,59;60;61
123,122,59;60;61
123,133,58;59;60
123,134,57;58;59
123,142,55;56;57;58;59
124,93,88;89;87
124,109,88;89;87
124,110,88;89;90;87
124,125,88;89;90
124,126,88;89;90;91;92
124,136,88;89;90
125,94,89;90
125,109,88;89;90;87
125,110,89;90
125,111,89;90
125,124,88;89;90
125,126,89;90;91;92
125,127,89;90;91;92;93
125,136,89;90
125,137,91;89;90;139
125,147,89;90;46
126,110,91;92
126,111,91;92
126,112,91;92;93;94
126,124,88;89;90;91;92
126,125,89;90;91;92
126,127,91;92;93
126,136,90;91;92
126,137,91;92;139
126,148,137;138;139;91;92
127,111,91;92;93;94
127,112,92;93;94
127,113,96;92;93;94;95
127,125,89;90;91;92;93
127,126,91;92;93
127,137,91;139;92;93
129,102,107;108;109;110
129,117,106;107;108;109;110
129,118,107;108;109;110
129,119,107;108;109;110
129,130,107;108;109;110
129,131,107;108;109;110
129,138,107;108;109;110;111
129,139,107;108;109;110;111
130,103,
130,118,107
130,119,
130,129,107;108;109;110
130,131,
130,138,109;110;111
130,139,111
130,140,
130,150,112;111
131,119,
131,129,107;108;109;110
131,130,
131,139,111
131,140,
131,151,
132,105,
132,120,
132,121,
132,122,59;60;61
132,133,
132,134,57;58;59
132,141,
133,106,59;60;61;62;63
133,121,
133,122,59;60;61
133,123,58;59;60
133,132,
133,134,57;58;59
133,141,
133,142,56;57;55
133,153,
134,122,57;58;59;60;61
134,123,57;58;59
134,132,57;58;59
134,133,57;58;59
134,141,57;58;59
134,142,55;56;57;58;59
134,143,55;56;57;58;59
134,154,55;56;57;58;59
135,136,90
135,137,90;139
135,145,48;49;47
135,146,48;46;47
135,147,46
135,159,48;46;47
136,110,89;90
136,124,88;89;90
136,125,89;90
136,126,90;91;92
136,135,90
136,137,90;139
136,146,48;90;46;47
136,147,90;46
136,148,137;90;139;138
136,160,90;46
137,111,91;139;92
137,125,89;90;139
137,126,91;92;139
137,127,91;139;92;93
137,135,90;139
137,136,90;139
137,147,138;139
137,148,137;138;139
137,161,136;137;138;139
138,118,107;108;109;110;111
138,129,107;108;109;110;111
138,130,109;110;111
138,139,109;110;111
138,140,109;110;111
138,150,112;110;111
139,119,111
139,129,107;108;109;110;111
139,130,111
139,131,111
139,138,109;110;111
139,140,111
139,150,112;111
139,151,111
139,165,112;111
140,130,
140,131,
140,138,109;110;111
140,139,111
140,150,112
140,151,
140,152,
140,166,
141,122,59;60;61
141,132,
141,133,
141,134,56;57;58;59
141,142,56;57;55
141,143,56;57;54;55
141,153,
141,154,
142,123,55;56;57;58;59
142,133,56;57;55
142,134,55;56;57;58;59
142,141,56;57;55
142,143,56;57;54;55
142,153,56;57;55
142,154,56;57;55
142,155,56;57;54;55
142,167,56;57;55
143,134,55;56;57;58;59
143,141,56;57;54;55
143,142,56;57;54;55
143,154,56;54;55
143,155,54;55
143,168,53;54;55
145,135,48;49;47
145,146,48;49;46;47
145,147,48;49;46;47
145,157,48;49;50;51;52
145,158,48;49;50
145,159,48;49;47
145,171,48;49;50
146,135,48;46;47
146,136,48;90;46;47
146,145,48;49;46;47
146,147,48;46;47
146,148,137;138;139;46;47;48
146,158,46;47;48;49;50
146,159,48;46;47
146,160,48;46;47
146,172,48;46;47
147,125,89;90;46
147,135,46
147,136,90;46
147,137,138;139
147,145,48;49;46;47
147,146,48;46;47
147,148,137;138;139
147,159,
147,160,
147,161,136;137
147,173,
148,126,137;138;139;91;92
148,136,137;90;139;138
148,137,137;138;139
148,146,137;138;139;46;47;48
148,147,137;138;139
148,160,137;138;139
148,161,136;137;138;139
148,162,135;136;137;138;139
148,174,136;137;138;139
150,130,112;111
150,138,112;110;111
150,139,112;111
150,140,112
150,151,112
150,152,112
150,164,112;113;114;117;118
150,165,112
150,166,112
150,178,112
151,131,
151,139,111
151,140,
151,150,112
151,152,
151,165,
151,166,
151,179,
152,140,
152,150,112
152,151,
152,166,
153,133,
153,141,
153,142,56;57;55
153,154,
153,155,54
153,167,
154,134,55;56;57;58;59
154,141,
154,142,56;57;55
154,143,56;54;55
154,153,
154,155,54
154,156,53;54
154,167,
154,168,
154,180,
155,142,56;57;54;55
155,143,54;55
155,153,54
155,154,54
155,156,53;54
155,157,50;51;52;53;54
155,167,54
155,168,53;54
155,169,53;54
155,181,53;54
156,154,53;54
156,155,53;54
156,157,50;51;52;53
156,158,49;50;51;52;53
156,168,53
156,169,52;53
156,170,51;52;53
156,182,52;53
157,145,48;49;50;51;52
157,155,50;51;52;53;54
157,156,50;51;52;53
157,158,49;50;51;52
157,159,49;50;51;52
157,169,50;51;52;53
157,170,50;51;52
157,171,50;51;52
157,183,50;51;52
158,145,48;49;50
158,146,46;47;48;49;50
158,156,49;50;51;52;53
158,157,49;50;51;52
158,159,49;50
158,160,49;50
158,170,49;50
158,171,49;50
158,172,49;50
159,135,48;46;47
159,145,48;49;50;47
159,146,48;46;47
159,147,
159,157,49;50;51;52
159,158,49;50
159,160,
159,161,136;137
159,171,
159,172,
159,173,
160,136,90;46
160,146,48;46;47
160,147,
160,148,137;138;139
160,158,49;50
160,159,
160,161,136;137
160,162,136;137;134;135
160,172,
160,173,
160,174,
161,137,136;137;138;139
161,147,136;137
161,148,136;137;138;139
161,159,136;137
161,160,136;137
161,162,136;137;134;135
161,173,136;137
161,174,136;137
161,175,132;133;134;135;136;137
162,148,135;136;137;138;139
162,160,136;137;134;135
162,161,136;137;134;135
162,174,136;134;135
162,175,132;133;134;135;136
162,184,131;132;133;134;135;136
163,164,113;114;115;116;117;118
163,165,112;113;114;115;116;117;118
163,177,113;114;115;116;117;118
164,150,112;113;114;117;118
164,163,113;114;115;116;117;118
164,165,112;113;114;117;118
164,166,112;113;114;117;118
164,177,113;114;117;118
164,178,113;114;117;118
164,188,113;114;117;118;119
165,139,112;111
165,150,112
165,151,
165,163,112;113;114;115;116;117;118
165,164,112;113;114;117;118
165,166,
165,177,118
165,178,
165,179,
165,189,
166,140,
166,150,112
166,151,
166,152,
166,164,112;113;114;117;118
166,165,
166,178,
166,179,
166,190,
167,142,56;57;55
167,153,
167,154,
167,155,53;54
167,168,
167,169,
167,180,
167,181,
168,143,53;54;55
168,154,
168,155,53;54
168,156,53
168,167,
168,169,
168,170,
168,180,
168,181,
168,182,
169,155,53;54
169,156,52;53
169,157,50;51;52;53
169,167,
169,168,
169,170,
169,171,
169,181,
169,182,
169,183,
170,156,52;53
170,157,50;51;52
170,158,49;50
170,168,
170,169,
170,171,
170,172,
170,182,
170,183,
171,145,48;49;50
171,157,50;51;52
171,158,49;50
171,159,
171,169,
171,170,
171,172,
171,173,
171,183,
172,146,48;46;47
172,158,49;50
172,159,
172,160,
172,170,
172,171,
172,173,
172,174,
173,147,
173,159,
173,160,
173,161,136;137
173,171,
173,172,
173,174,
173,175,132;133;134;135
174,148,136;137;138;139
174,160,
174,161,136;137
174,162,136;134;135
174,172,
174,173,
174,175,132;133;134;135
174,184,131;132
175,161,132;133;134;135;136;137
175,162,132;133;134;135;136
175,173,132;133;134;135
175,174,132;133;134;135
175,184,131;132;133;134;135
175,185,130;131;132;133;134;135
175,192,131;132;133;134;135
177,163,113;114;115;116;117;118
177,164,113;114;117;118
177,165,118
177,178,118
177,179,118
177,187,120;121;118;119
177,188,118;119
177,189,118
177,199,118;119
178,150,112
178,164,113;114;117;118
178,165,
178,166,
178,177,118
178,179,
178,188,119
178,189,
178,190,
178,200,
179,151,
179,165,
179,166,
179,177,118
179,178,
179,189,
179,190,
180,154,
180,167,
180,168,
180,181,
180,182,
181,155,53;54
181,167,
181,168,
181,169,
181,180,
181,182,
181,183,
182,156,52;53
182,168,
182,169,
182,170,
182,180,
182,181,
182,183,
183,157,50;51;52
183,169,
183,170,
183,171,
183,181,
183,182,
184,162,131;132;133;134;135;136
184,174,131;132
184,175,131;132;133;134;135
184,185,130;131;132;133
184,191,131;132
184,192,131;132
184,193,128;129;130;131;132
184,201,131;132
185,175,130;131;132;133;134;135
185,184,130;131;132;133
185,192,129;130;131;132
185,193,128;129;130;131
185,202,128;129;130;131
186,187,120;121;119
186,188,120;121;119
186,196,122;123;124;125
186,197,121;122;123
186,198,120;121;122
186,206,121;122;123
187,177,120;121;118;119
187,186,120;121;119
187,188,120;121;119
187,189,120;121;119
187,197,119;120;121;122;123
187,198,120;121;119
187,199,120;121;119
187,207,120;121;119
188,164,113;114;117;118;119
188,177,118;119
188,178,119
188,186,120;121;119
188,187,120;121;119
188,189,119
188,190,119
188,198,119
188,199,119
188,200,119
188,208,119
189,165,
189,177,118
189,178,
189,179,
189,187,120;121;119
189,188,119
189,190,
189,199,
189,200,
190,166,
190,178,
190,179,
190,188,119
190,189,
190,200,
191,184,131;132
191,192,
191,193,128;129;130
191,201,
192,175,131;132;133;134;135
192,184,131;132
192,185,129;130;131;132
192,191,
192,193,128;129;130
192,201,
192,202,
192,209,
193,184,128;129;130;131;132
193,185,128;129;130;131
193,191,128;129;130
193,192,128;129;130
193,201,128;129;130
193,202,128;129;130
193,203,128;129;130
193,210,128;129;130
195,196,123;124;125;126
195,197,121;122;123;124;125;126
195,203,126;127
195,204,126;127
195,205,125;126;127
195,212,126;127
196,186,122;123;124;125
196,195,123;124;125;126
196,197,121;122;123;124;125
196,198,121;122;123;124;125
196,204,123;124;125;126;127
196,205,123;124;125;126
196,206,123;124;125
196,213,123;124;125;126
197,186,121;122;123
197,187,119;120;121;122;123
197,195,121;122;123;124;125;126
197,196,121;122;123;124;125
197,198,121;122;123
197,199,121;122;123
197,205,121;122;123;124
197,206,121;122;123
197,207,121;122;123
197,214,121;122;123
198,186,120;121;122
198,187,120;121;119
198,188,119
198,196,121;122;123;124;125
198,197,121;122;123
198,199,
198,200,
198,206,
198,207,
198,208,
199,177,118;119
199,187,120;121;119
199,188,119
199,189,
199,197,121;122;123
199,198,
199,200,
199,207,
199,208,
200,178,
200,188,119
200,189,
200,190,
200,198,
200,199,
200,208,
201,184,131;132
201,191,
201,192,
201,193,128;129;130
201,202,
201,203,128
201,209,
201,210,
202,185,128;129;130;131
202,192,
202,193,128;129;130
202,201,
202,203,128
202,204,128;126;127
202,209,
202,210,
202,211,
203,193,128;129;130
203,195,126;127
203,201,128
203,202,128
203,204,126;127
203,205,126;127
203,210,
203,211,
203,212,127
203,215,
204,195,126;127
204,196,123;124;125;126;127
204,202,128;126;127
204,203,126;127
204,205,126;127
204,206,126;127
204,211,126;127
204,212,126;127
204,213,126;127
204,216,126;127
205,195,124;125;126
205,196,123;124;125;126
205,197,121;122;123;124
205,203,126;127
205,204,126;127
205,206,
205,207,
205,212,
205,213,
205,214,
206,186,121;122;123
206,196,123;124;125
206,197,121;122;123
206,198,
206,204,126;127
206,205,
206,207,
206,208,
206,213,
206,214,
207,187,120;121;119
207,197,121;122;123
207,198,
207,199,
207,205,
207,206,
207,208,
207,214,
208,188,119
208,198,
208,199,
208,200,
208,206,
208,207,
209,192,
209,201,
209,202,
209,210,
209,211,
210,193,128;129;130
210,201,
210,202,
210,203,
210,209,
210,211,
210,212,
210,215,
211,202,
211,203,
211,204,126;127
211,209,
211,210,
211,212,
211,213,
211,215,
211,216,
212,195,126;127
212,203,127
212,204,126;127
212,205,
212,210,
212,211,
212,213,
212,214,
212,215,
212,216,
213,196,123;124;125;126
213,204,126;127
213,205,
213,206,
213,211,
213,212,
213,214,
213,216,
214,197,121;122;123
214,205,
214,206,
214,207,
214,212,
214,213,
215,203,
215,210,
215,211,
215,212,
215,216,
216,204,126;127
216,211,
216,212,
216,213,
216,215,
