{
    "buildings": [
        {
            "id": "building_U",
            "coordinates": [
                [5, 5 ],
                [45, 5],
                [45, 20],
                [40, 20],
                [40, 8],
                [10, 8],
                [10, 20],
                [5, 20],
                [5, 5]
            ]
        },
        {
            "id": "building_H",
            "coordinates": [
                [0, 30],
                [45, 30],
                [45, 50],
                [0, 50],
                [0, 30]
                
            ]
        },
        {
            "id": "building_complex",
            "coordinates": [
              [60, 35],  
              [65, 35],  
              [65, 50],  
              [85, 50],  
              [85, 35],  
              [90, 35], 
              [90, 65],  
              [85, 65],  
              [85, 55],  
              [65, 55], 
              [65, 65],  
              [60, 65],  
              [60, 35]  
            ]
          }
          
          
          
    ],
 "obstacles": [
    {
        "id": "obs_rad_1",
        "type": ["radiation"],
        "coordinates": [
            [-5, 10],
            [-10,10],
            [-10,15],
            [-5, 15],
            [-5, 10]
        ]
    },
    {
        "id": "obs_vis_1",
        "type": ["radiation", "visibility"],
        "coordinates": [
            [70, 5],
            [80, 5],
            [80, 10],
            [70, 10],
            [70, 5]
        ]
    },
    {
        "id": "obs_both_1",
        "type": ["radiation", "visibility"],
        "coordinates": [
            [15, 60],
            [20, 60],
            [20, 70],
            [15, 70],
            [15, 60]
        ]
    },
    {
        "id": "obs_vis_2",
        "type": ["radiation", "visibility"],
        "coordinates": [
            [20, 20],
            [30, 20],
            [30, 25],
            [20, 25],
            [20, 20]
        ]
    }
]
}