{
    "buildings": [
      {
        "id": "building1",
        "coordinates": [
          [0, 0], [10, 0], [10, 10], [25, 10], [25, 0], 
          [40, 0], [40, 20], [35, 20], [35, 35], [40, 35], 
          [40, 50], [30, 50], [30, 40], [15, 40], [15, 50], 
          [0, 50], [0, 35], [10, 35], [10, 20], [0, 20], [0, 0]
        ]
      },
      {
        "id": "building2",
        "coordinates": [
          [60, 0], [70, 0], [70, 10], [85, 10], [85, 0],
          [100, 0], [100, 20], [95, 20], [95, 35], [100, 35],
          [100, 50], [90, 50], [90, 40], [75, 40], [75, 50],
          [60, 50], [60, 35], [65, 35], [65, 20], [60, 20], [60, 0]
        ]
      }
    ],
    "obstacles": [
      {
        "id": "obstacle1",
        "type": "radiation",
        "coordinates": [[15, 3], [20, 3], [20, 6], [15, 6], [15, 3]]
      },
      {
        "id": "obstacle2",
        "type": ["radiation", "visibility"],
        "coordinates": [[48, 33], [52, 33], [52, 40], [48, 40], [48, 33]]
      }
    ]
  }