{
    "buildings": [
      {
        "id": 1,
        "coordinates": [
          [555488.6, 4806774.84],
          [555487.2, 4806781.06],
          [555477.97, 4806778.22],
          [555488.07, 4806736.51],
          [555469.62, 4806728.74],
          [555456.55, 4806783.35],
          [555459.04, 4806787.53],
          [555504.05, 4806799.44],
          [555508.58, 4806780.78],
          [555488.6, 4806774.84]
        ]
      },
      {
        "id": 2,
        "coordinates": [
          [555530.16, 4806715.16],
          [555540.05, 4806678.77],
          [555484.28, 4806665.15],
          [555474.22, 4806701.54],
          [555489.33, 4806706.05],
          [555494.35, 4806689.47],
          [555517.18, 4806696.12],
          [555513.36, 4806711.33],
          [555530.16, 4806715.16]
        ]
      },
      {
        "id": 3,
        "coordinates": [
          [555536.53, 4806737.61],
          [555524.91, 4806780.45],
          [555538.33, 4806785.18],
          [555534.49, 4806801.54],
          [555565.4, 4806809.18],
          [555569.75, 4806792.13],
          [555584.02, 4806796.4],
          [555594.48, 4806752.16],
          [555536.53, 4806737.61]
        ]
      }
    ],
    "obstacles": [
      {
        "id": 4,
        "type": ["radiation", "visibility"],
        "coordinates": [
          [555515.53, 4806753.59],
          [555518.5, 4806740.23],
          [555508.93, 4806737.84],
          [555505.8, 4806750.05],
          [555515.53, 4806753.59]
        ]
      },
      {
        "id": 5,
        "type": ["radiation", "visibility"],
        "coordinates": [
          [555578.2, 4806725.48],
          [555579.98, 4806713.95],
          [555568.9, 4806710.4],
          [555565.78, 4806721.69],
          [555578.2, 4806725.48]
        ]
      },
      {
        "id": 6,
        "type": ["radiation", "visibility"],
        "coordinates": [
          [555473.46, 4806671.75],
          [555473.84, 4806666.68],
          [555471.82, 4806666.2],
          [555470.11, 4806669.88],
          [555473.46, 4806671.75]
        ]
      },
      {
        "id": 7,
        "type": ["radiation", "visibility"],
        "coordinates": [
          [555498.26, 4806725.52],
          [555499.48, 4806720.91],
          [555496.12, 4806719.73],
          [555494.9, 4806724.8],
          [555498.26, 4806725.52]
        ]
      }
    ]
  }